Name,Gender
AALIYAH,0
AARIKA,0
AARON,0
AARON,1
AB,0
ABAYOMI,1
ABBI,0
ABBIE,0
ABBUDION,0
ABBY,0
ABDEL,1
ABDULLAH,1
ABEL,1
ABESIE,0
ABIGAIL,0
ABIGALE,0
ABISOLA,0
ABNER,1
ABRAHAM,1
ABRAM,1
ABREAIL,0
ABRIGAIL,0
ACQUARNETIA,0
ADA,0
ADAM,1
ADDIE,0
ADDISON,0
ADDISON,1
ADEBUKOLA,0
ADELA,0
ADELIA,0
ADESINA,1
ADIAGO,0
ADITA,0
ADNAN,1
ADREA,0
ADREAN,0
ADREANNE,0
ADREN,1
ADRIA,0
ADRIAN,0
ADRIAN,1
ADRIANA,0
ADRIANE,0
ADRIANNA,0
ADRIANNE,0
ADRIENNE,0
ADRIENNIE,0
AERIAL,0
AFTON,0
AGNES,0
AHLANDA,0
AHMED,1
AHU,0
AIDE,0
AILIEN,0
AIMEE,0
AINSLEE,0
AIRIE,0
AIRIKKA,0
AIRIONA,0
AIRMEIKA,0
AIRRION,1
AISHA,0
AISLINN,0
AIYSHA,0
AJ,1
AJANI,1
AKASHA,0
AKELA,0
AKELIA,0
AKIA,0
AKIRA,0
AKQUILLA,0
AL,0
AL,1
ALAANA,0
ALAIMALULOA,0
ALAINA,0
ALAN,1
ALANA,0
ALANDRIA,0
ALANTIS,0
ALAXANDRA,0
ALBEIN,1
ALBERT,1
ALBERTA,0
ALDO,1
ALEATHIA,0
ALEC,1
ALECHIA,0
ALECIA,0
ALEISHA,0
ALEJANDRA,0
ALESHA,0
ALESHIA,0
ALESIA,0
ALETA,0
ALETHA,0
ALETHEA,0
ALETHER,0
ALETHIEA,0
ALEX,1
ALEXA,0
ALEXANDER,1
ALEXANDRA,0
ALEXANDRIA,0
ALEXCIA,0
ALEXIOUS,0
ALEXIS,0
ALEXIS,1
ALEXIUS,0
ALEXUS,0
ALEXZIA,0
ALFONSO,1
ALFONZO,1
ALFRED,1
ALFREDIA,0
ALFREDO,1
ALGIMANTAS,1
ALI,0
ALI,1
ALICE,0
ALICESON,0
ALICIA,0
ALINDRIA,0
ALISA,0
ALISHA,0
ALISON,0
ALISSA,0
ALIVIA,0
ALIYA,0
ALLAN,1
ALLANTE,1
ALLEN,1
ALLIE,0
ALLISHIA,0
ALLISON,0
ALLISON,1
ALLIYAH,0
ALLYSON,0
ALLYSSA,0
ALMA,0
ALMEDA,0
ALONDA,0
ALONZO,1
ALPHA,0
ALPHONSO,1
ALSIE,0
ALTA,0
ALTHA,0
ALTHEA,0
ALTHIA,0
ALTON,1
ALTONY,1
ALTUS,1
ALVA,0
ALVARO,1
ALVETA,0
ALVIE,1
ALVIN,0
ALVIN,1
ALVINE,0
ALVINNESS,1
ALVIS,1
ALVONIA,0
ALWIN,1
ALYCE,0
ALYSHA,0
ALYSIA,0
ALYSON,0
ALYSSA,0
ALYSSON,0
ALYX,0
ALZINA,0
AMALA,0
AMANDA,0
AMARA,0
AMBER,0
AMBERLEE,0
AMBRA,0
AMBREONA,0
AMBURR,0
AMECA,0
AMEEDAH,0
AMELIA,0
AMESHIA,0
AMIE,0
AMINNICA,0
AMON,1
AMOS,1
AMTROSHELL,0
AMY,0
ANA,0
ANABEL,0
ANAITE,0
ANALLELY,0
ANANSA,0
ANASTASIA,0
ANDERA,1
ANDERSON,1
ANDRA,0
ANDRAE,1
ANDRANETTE,0
ANDRE,1
ANDREA,0
ANDREAS,1
ANDREEW,0
ANDREIA,0
ANDRES,1
ANDREW,0
ANDREW,1
ANDRI,0
ANDRIA,0
ANDY,1
ANEESAH,0
ANESIA,0
ANETIA,0
ANGALA,0
ANGALIQUE,0
ANGEL,0
ANGELA,0
ANGELAH,0
ANGELECE,0
ANGELER,0
ANGELIA,0
ANGELIC,0
ANGELICA,0
ANGELIKA,0
ANGELINA,0
ANGELIQUE,0
ANGELITA,0
ANGELLA,0
ANGELO,1
ANGELYNN,0
ANGERIA,0
ANGIE,0
ANIAHJAI,0
ANIKA,0
ANISHA,0
ANISSA,0
ANITA,0
ANJA,0
ANKUSH,0
ANN,0
ANNA,0
ANNABETH,0
ANNAMICHELLE,0
ANNASTOZZIA,0
ANNE,0
ANNELIE,0
ANNE-MARIE,0
ANNEMARIE,0
ANNER,0
ANNETTA,0
ANNETTE,0
ANNICE,0
ANNIE,0
ANNITA,0
ANNMARIE,0
ANOMA,0
ANSON,1
ANTAWANNA,0
ANTEDRA,0
ANTERIO,1
ANTHONY,0
ANTHONY,1
ANTIONETTE,0
ANTOINETTE,0
ANTONETTE,0
ANTONIA,0
ANTONIETTE,0
ANTONINA,0
ANTONIO,1
ANTONIQUE,0
ANTONY,1
ANTTWON,1
ANTUAN,1
ANTWAN,1
ANTWANETTE,0
ANTWON,1
ANUAR,1
ANWAN,1
ANYANA,0
ANZECO,1
APPATHURAI,1
APRIL,0
APRYL,0
AQUILA,0
AQUILLA,0
AQUITA,0
AQUONETTE,0
ARABRYANA,0
ARCH,1
ARCHIE,1
ARDELLA,0
ARDREIKA,0
AREIA,0
ARELETHA,0
ARENA,0
ARETHA,0
ARIAL,0
ARIANNA,0
ARIEL,0
ARIEOUS,0
ARIJIT,1
ARIN,0
ARIUS,0
ARKEAMA,0
ARKINA,0
ARLAND,1
ARLANDA,0
ARLANDOS,1
ARLEAN,0
ARLEN,1
ARLENE,0
ARLESIA,0
ARLETHA,0
ARLETTE,0
ARLIE,0
ARLINDA,0
ARLO,1
ARMANI,0
ARMON,1
ARNELL,1
ARNESHA,0
ARNETTA,0
ARNETTE,0
ARNOLD,1
ARON,0
ARRIE,0
ARRISTON,1
ARRON,0
ARTAVIA,0
ARTHUR,1
ARTIE,0
ARTIS,1
ARTRICIA,0
ARUNA,0
ARVEL,1
ARYN,0
ARZO,1
ASHANTI,0
ASHEA,0
ASHELYN,0
ASHER,1
ASHISH,1
ASHLEA,0
ASHLEE,0
ASHLEIGH,0
ASHLEY,0
ASHLI,0
ASHLY,0
ASHLYN,0
ASHLYNE,0
ASHTINE,0
ASHTON,0
ASHTON,1
ASIA,0
ASIANIKA,0
ASMITA,0
ASPEN,1
ASSIAH,0
ASTREA,0
ASUNSION,0
ASWAN,0
ATECA,0
ATEEQUA,0
ATURA,0
ATYAUS,0
AUBREI,0
AUBREY,0
AUBREY,1
AUDONTE,1
AUDRA,0
AUDREA,0
AUDREANNA,0
AUDREE,0
AUDREY,0
AUDRIANA,0
AUDRIENA,0
AUDRY,0
AUDWIN,1
AUGUST,0
AUGUSTUS,1
AUJANAYE,0
AUNDREA,0
AUNDRIA,0
AUNTISA,0
AURELIA,0
AURELISA,0
AURORA,0
AUSTIN,1
AUSTON,1
AUTUM,0
AUTUMN,0
AVA,0
AVERIE,0
AVERY,1
AVIANCA,0
AVION,1
AVIS,0
AVIVA,0
AVON,0
AYLIFFE,1
AYN,0
AZARIA,0
AZZIE,0
BABETTE,0
BAILEE,0
BAILEY,0
BAKER,1
BALAKRISHNAN,1
BALEIGH,0
BAMBI,0
BANKSTON,1
BARBARA,0
BARBIE,0
BARBRA,0
BARCLAY,0
BARET,1
BARLEY,0
BARONICA,0
BARRETT,0
BARRETT,1
BARRIE,1
BARRON,0
BARRY,1
BART,1
BARTHOLOMEW,1
BARTLEY,1
BARTON,1
BARY,1
BASHAR,1
BASIL,1
BATHEL,1
BATIA,0
BAYLEE,0
BAYLOR,1
BAZZEL,1
BEATRICE,0
BEATRIZ,0
BEAU,1
BECKI,0
BECKIE,0
BECKY,0
BEECHER,1
BEKI,0
BELECIA,0
BELEN,0
BELICIA,0
BELINDA,0
BELLA,0
BELYNDA,0
BEN,1
BENARD,1
BENITA,0
BENJAMEN,1
BENJAMIN,1
BENJIE,1
BENNETT,1
BENNIE,1
BENNY,1
BENTLEY,0
BENTLEY,1
BERDINA,0
BERNA,0
BERNABAS,1
BERNADETTE,0
BERNADINE,0
BERNARD,1
BERNARDO,1
BERNETTA,0
BERNICE,0
BERNIE,1
BERNITA,0
BERNSTINE,0
BERTHA,0
BERTRAM,1
BERYL,0
BESSIE,0
BETH,0
BETHANIE,0
BETHANY,0
BETSY,0
BETTI,0
BETTIE,0
BETTINA,0
BETTY,0
BETTYE,0
BEVERLY,0
BEVERLYNN,0
BIANCA,0
BILENDA,0
BILL,1
BILLIE,0
BILLIE,1
BILLY,0
BILLY,1
BILLYE,0
BILLY-WAYNE,1
BISHOP,1
BLAIN,1
BLAINE,1
BLAIR,0
BLAISE,1
BLAKE,1
BLAKELEE,0
BLANCHE,0
BLAND,1
BLANE,1
BLASIUS,1
BLISS,0
BLONDELL,0
BOB,1
BOBBI,0
BOBBIE,0
BOBBIE,1
BOBBISE,0
BOBBY,0
BOBBY,1
BOBBYE,0
BOBERA,0
BOBETTE,0
BODIE,1
BOG-MI,0
BONITA,0
BONNER,1
BONNIE,0
BOUNLEUT,1
BOYCE,1
BOYD,1
BOYLEE,1
BOZZ,1
BRACKLET,0
BRAD,1
BRADD,1
BRADEN,1
BRADFORD,1
BRADLEE,1
BRADLEY,1
BRADY,1
BRAIHANNA,0
BRANDACE,0
BRANDEE,0
BRANDEISJHA,0
BRANDEN,1
BRANDEY,0
BRANDI,0
BRANDIE,0
BRANDON,1
BRANDY,0
BRANDY,1
BRANDYE,0
BRANSON,1
BRANT,1
BRASHAWN,0
BRAXTON,1
BRAYDON,1
BRAYLON,1
BRAZIERDENE,0
BREANN,0
BREANNA,0
BREEANNA,0
BRENDA,0
BRENDAN,1
BRENDETTA,0
BRENITA,0
BRENNA,0
BRENNAN,1
BRENNON,1
BRENT,1
BRENTNEE,0
BRENTON,1
BREONDA,0
BRESHAE,0
BRESHENDA,0
BRET,0
BRET,1
BRETT,1
BREUNIECE,0
BRIAN,0
BRIAN,1
BRIANA,0
BRIANNA,0
BRIANNE,0
BRIANNIA,0
BRICE,1
BRICKEY,1
BRIDGES,1
BRIDGET,0
BRIDGETT,0
BRIDGETTE,0
BRIDGETTI,0
BRIDGITT,0
BRIDNEY,0
BRIEN,1
BRIGITTE,0
BRIHANA,0
BRINDA,0
BRINDON,0
BRINDY,0
BRINKLEY,1
BRIONNE,0
BRITA,0
BRITNEY,0
BRITNEY,1
BRITNI,0
BRITTANI,0
BRITTANY,0
BRITTNAY,0
BRITTNEY,0
BRITTNI,0
BRITTNY,0
BRITTON,1
BROCK,1
BRODE,1
BRODERICK,1
BRODIE,1
BRODIS,1
BROOK,0
BROOK,1
BROOKE,0
BROOKLYN,0
BROOKS,0
BROOKS,1
BRUCE,1
BRYAN,0
BRYAN,1
BRYANNA,0
BRYANT,1
BRYCE,1
BRYEE,0
BRYEN,1
BRYNDEN,1
BRYNN,0
BRYON,1
BRYONNA,0
BRYSON,1
BRYTTEN,1
BUCK,1
BUDDY,1
BUEL,1
BUENA,0
BUFORD,1
BURGUNDY,0
BURNETTA,0
BURNIS,1
BURNUS,1
BURT,1
BUSTER,1
BYRON,1
BYRONE,1
BYTHA,0
CABRINA,0
CACHET,0
CACYNTHIA,0
CAGNEY,1
CAITLIN,0
CAITLYN,0
CAL,1
CALANDA,0
CALANDRA,0
CALDEEN,1
CALEB,1
CALEE,0
CALI,0
CALICIA,0
CALIHAND,0
CALIN,0
CALLAHAN,1
CALLEANER,0
CALLIE,0
CALVARY,0
CALVIN,1
CAMBER,0
CAMBRA,0
CAMBREE,0
CAMDEN,1
CAMERON,0
CAMERON,1
CAMESHA,0
CAMESHIA,0
CAMI,0
CAMILE,0
CAMILLA,0
CAMILLE,0
CAMMIE,0
CAMRY,1
CANARA,0
CANDACE,0
CANDASE,0
CANDI,0
CANDICE,0
CANDIS,0
CANDON,1
CANDRA,0
CANDY,0
CANDYCE,0
CANEDRA,0
CANEESA,0
CANEISHA,0
CANTRELL,1
CAPRI,0
CAPRISHA,0
CAPT.,0
CAPT.,1
CARA,0
CAREE,0
CAREN,0
CAREY,0
CAREY,1
CARIN,0
CARINA,0
CARIO,1
CARISA,0
CARISSA,0
CARL,1
CARLA,0
CARLA,1
CARLEE,0
CARLEECE,0
CARLETTE,0
CARLI,0
CARLIA,0
CARLINA,0
CARLIS,0
CARLISIA,0
CARLO,1
CARLOS,1
CARLOTTA,0
CARLTON,0
CARLTON,1
CARLUS,0
CARLY,0
CARMA,0
CARMALITH,0
CARMEISHA,0
CARMELIA,0
CARMELITA,0
CARMELLA,0
CARMEN,0
CARMENLITA,0
CARMEYSHA,0
CARMIN,0
CARNORA,0
CAROL,0
CAROL,1
CAROLANN,0
CAROLE,0
CAROLINA,0
CAROLINE,0
CAROLL,0
CAROLYN,0
CAROLYNE,0
CARONE,0
CARRESE,0
CARRI,0
CARRIE,0
CARRITTA,0
CARROL,1
CARROLL,1
CARSHUN,1
CARSON,1
CARTER,1
CARVEYETA,0
CARY,0
CARY,1
CARYN,0
CASANDA,0
CASANDRA,0
CASEEMEAH,0
CASEY,0
CASEY,1
CASH,1
CASHAWNA,0
CASHAY,0
CASHMERE,0
CASIE,0
CASSANDRA,0
CASSAUNDRA,0
CASSEY,0
CASSIDY,0
CASSIE,0
CASSIL,0
CASSONDRA,0
CATERINA,0
CATESHA,0
CATHALENE,0
CATHARINE,0
CATHERINE,0
CATHEY,0
CATHIE,0
CATHLEEN,0
CATHY,0
CATINA,0
CATONIA,0
CATRINA,0
CAUSSAUNDRA,0
CAVIN,1
CAVONTREY,1
CAYCE,0
CAYETANO,1
CEANTE,1
CEBRA,1
CEBURN,1
CECELIA,0
CECIL,1
CECILE,1
CECILIA,0
CECILLA,0
CECILLEA,0
CECILY,0
CEDRIC,1
CEDRICK,0
CEDRICK,1
CEKEL,1
CELENA,0
CELESTE,0
CELESTIA,0
CELESTINA,0
CELETHA,0
CELINA,0
CELINE,0
CELLEY,0
CENNIE,0
CEPHAS,0
CERA,0
CERESSA,0
CETORIA,0
CHAD,1
CHADDRICK,1
CHADRICK,1
CHADWICK,1
CHALET,0
CHALK,1
CHALLA,0
CHALONDA,0
CHAMBLISS,1
CHAMONZ,0
CHAN,0
CHANAKA,0
CHANCE,1
CHANCES,0
CHANCIE,0
CHANDA,0
CHANDLER,0
CHANDLER,1
CHANDRA,0
CHANDRASEKAR,1
CHANDRIA,0
CHANEL,0
CHANIN,0
CHANNETTA,0
CHANNING,1
CHANNON,0
CHANNON,1
CHANTA,0
CHANTAE,0
CHANTANGIEL,0
CHANTAVIA,0
CHANTEE,0
CHANTEL,0
CHANTELLE,0
CHANTERIA,0
CHANTHINIA,0
CHAQUINA,0
CHAQUITA,0
CHARISSA,0
CHARISSE,0
CHARITA,0
CHARITY,0
CHARLA,0
CHARLEE,0
CHARLENE,0
CHARLES,0
CHARLES,1
CHARLESTON,1
CHARLETT,0
CHARLETTE,0
CHARLEY,0
CHARLEY,1
CHARLIE,0
CHARLIE,1
CHARLISA,0
CHARLOTTE,0
CHARLSETTIA,0
CHARLY,0
CHARLYE,0
CHARMA,0
CHARNELL,0
CHARNER,1
CHARNESHA,0
CHARNETTE,0
CHARON,0
CHARONDA,0
CHAS,1
CHASE,1
CHASIDY,0
CHASITY,0
CHASSITY,0
CHASTITY,0
CHATUEA,0
CHAUNCEY,0
CHAUNNAH,0
CHEIA,1
CHEIANA,0
CHEKIONA,0
CHELCIE,0
CHELITA,0
CHELSEA,0
CHELSEE,0
CHELSEY,0
CHELSIA,0
CHENEL,0
CHENG,1
CHENIKA,0
CHERE,0
CHERELLE,0
CHERI,0
CHERIE,0
CHERIKKA,0
CHERIL,0
CHERILYN,0
CHERMAINE,0
CHERNETTA,0
CHEROKEE,0
CHERRAL,0
CHERRELLE,0
CHERRI,0
CHERRIE,0
CHERRY,0
CHERVONNE,0
CHERYL,0
CHERYLE,0
CHESLEY,1
CHESLYN,1
CHESNEY,0
CHESTER,1
CHEVONNE,0
CHEYANNA,0
CHEYANNE,0
CHEYENNE,0
CHIAYKO,0
CHICITA,0
CHICO,1
CHICURBY,0
CHIMENE,0
CHIMFUMNANYA,0
CHIN,0
CHINA,0
CHIP,1
CHIQUIA,0
CHIQUITA,0
CHISA,0
CHLOE',0
CHLOE,0
CHORSIE,0
CHREN,0
CHRIS,0
CHRIS,1
CHRISHAUNA,0
CHRISSY,0
CHRISTA,0
CHRISTAL,0
CHRISTAN,1
CHRISTANY,0
CHRISTEEN,0
CHRISTEL,0
CHRISTEN,0
CHRISTENE,0
CHRISTEPHER,1
CHRISTI,0
CHRISTIA,0
CHRISTIAN,0
CHRISTIAN,1
CHRISTIANA,0
CHRISTIANNA,0
CHRISTIE,0
CHRISTIN,0
CHRISTINA,0
CHRISTINE,0
CHRISTINIA,0
CHRISTIONE,1
CHRISTOPER,1
CHRISTOPHER,0
CHRISTOPHER,1
CHRISTY,0
CHRISTY,1
CHRYSTAL,0
CHUCK,1
CHUKWUEMEKA,1
CHYNA,0
CHYNETHIA,0
CHYREL,0
CIARA,0
CIDNE,0
CIERRA,0
CIJI,0
CILICCIA,0
CINDEE,0
CINDY,0
CINNAMON,0
CINTHIA,0
CLAIRE,0
CLANCI,0
CLARA,0
CLARENCE,1
CLARESHA,0
CLARIA,0
CLARICE,0
CLARISSA,0
CLARISSE,0
CLARITTA,0
CLARK,1
CLARKE,1
CLAUDACE,0
CLAUDE,1
CLAUDETTE,0
CLAUDIA,0
CLAUDINE,0
CLAVIS,1
CLAXTON,1
CLAY,1
CLAYBORNE,1
CLAYTON,1
CLEADER,0
CLEAGNEST,0
CLEAVETTE,0
CLEMEL,1
CLEMENTINE,0
CLEMETTA,0
CLENDON,0
CLEOPATRA,0
CLEOPHUS,1
CLEORA,0
CLESTON,1
CLETA,0
CLEVELAND,1
CLEVONTE,1
CLIFF,1
CLIFFORD,1
CLIFTON,1
CLIMESTENE,0
CLINT,1
CLINTON,1
CLORA,0
CLORISSA,0
CLYDE,1
COBY,1
CODELL,1
CODI,1
CODIE,0
CODY,1
COETA,0
COL.,1
COLBEY,0
COLBIE,0
COLBURN,1
COLBY,1
COLE,1
COLEEN,0
COLEMAN,1
COLENE,0
COLETTE,0
COLIN,1
COLLEEN,0
COLLIN,1
COLLYER,0
COLT,1
COLTEN,1
COLTON,1
COMERA,0
COMERON,1
COMFORT,0
CONAN,1
CONCHATA,0
CONCHITA,0
CONELLA,0
CONIQUE,0
CONNEE,0
CONNIE,0
CONNOR,1
CONSTANCE,0
CONSTANCE,1
CONSTLE,0
CONSUELO,0
CONTESSA,0
CONTONIA,0
CONTONNIA,0
CONTRENA,0
CORA,0
CORAL,0
CORBIN,1
CORBY,1
CORDALL,1
CORDELL,1
CORENE,0
CORENTHIA,1
CORETTA,0
COREY,1
CORI,0
CORINA,0
CORINNA,0
CORINNE,0
CORINTHANS,1
CORINTHIA,0
CORIONNE,0
CORISSA,0
CORIUS,1
CORLETT,0
CORLIS,0
CORNEAL,0
CORNELIA,0
CORNELIUS,1
CORNESCHA,0
CORNESHIA,0
CORNISSA,0
CORRICE,1
CORRIE,0
CORTEZ,1
CORTNEE,0
CORTNEY,0
CORTNEY,1
CORY,0
CORY,1
COSETTE,0
COSTINA,0
COTY,0
COTY,1
COURTANEY,1
COURTENAY,0
COURTNEE,0
COURTNEI,0
COURTNEY,0
COURTNEY,1
COURTNI,0
COWANDA,0
COY,1
COZETTA,0
COZETTE,0
CRAIG,1
CRANDALL,1
CRESSANDRA,0
CRESSIE,0
CRISA,0
CRISOSTAMO,1
CRISSIE,0
CRISSY,0
CRISTAL,0
CRISTELLE,0
CRISTEN,0
CRISTI,0
CRISTIAN,1
CRISTIN,0
CRISTINA,0
CRISTOPHER,1
CRISTY,0
CRYSTAL,0
CUIWU,0
CULTINA,0
CURRAN,1
CURRY,1
CURT,1
CURTESHA,0
CURTIS,1
CURTISS,1
CURTISTENIA,0
CYBIL,0
CYBILL,0
CYMBER,0
CYNDI,0
CYNDY,0
CYNITHIA,0
CYNTHIA,0
DABIE,1
DABRETTA,0
DAESHA,0
DAFFINEY,0
DAHREN,0
DAIN,1
DAINA,0
DAIQUIRI,0
DAISHA,0
DAISY,0
DAJA,0
DAJERRIAN,1
DAJIER,0
DAJOUR,0
DAKOTA,0
DAKOTA,1
DAKOTAH,0
DALE,0
DALE,1
DALENE,0
DALINDA,0
DALLAS,1
DALLIS,1
DALNITA,0
DALTON,1
DALVIN,1
DALY,0
DAMARIS,0
DAMARROUS,1
DAMERON,0
DAMETRIA,0
DAMIAN,1
DAMIANA,0
DAMIKA,0
DAMION,1
DAMITA,0
DAMON,1
DAMONE,1
DAMRON,1
DAN,1
DANA,0
DANA,1
DANE,1
DANELLE,0
DANETTE,0
DANIAL,1
DANIECE,0
DANIEL,1
DANIELA,0
DANIELLE,0
DANIETTA,0
DANILEE,0
DANIQUE,0
DANITA,0
DANNA,0
DANNELL,0
DANNIELLE,0
DANNISE,0
DANNY,1
DANTRAL,1
DANYA,0
DANYAILE,0
DANYALE,0
DANYEL,0
DANYELLA,0
DANYELLE,0
DANYETTA,0
DANYIEL,0
DAPHANE,0
DAPHNE,0
DAQUAN,1
DARA,0
DARA,1
DARANN,0
DARBY,0
DARCIA,0
DARCY,0
DAREN,1
DARIAN,0
DARIAN,1
DARICE,0
DARIELLE,0
DARIEN,1
DARIN,1
DARIUS,1
DARLA,0
DARLANA,0
DARLEEN,0
DARLENE,0
DARLINE,0
DARLISHA,0
DARLISTER,0
DARNELL,0
DARNELL,1
DARNISA,0
DARNITA,0
DARNNEIL,1
DARNZELL,1
DARRALL,1
DARREL,1
DARRELL,0
DARRELL,1
DARREN,1
DARRENISHA,0
DARREONNA,0
DARRICK,1
DARRIN,1
DARRINGTON,1
DARRON,1
DARRYL,0
DARRYL,1
DARSHA,0
DARVIN,1
DARWIN,1
DARWINA,0
DARYL,0
DARYL,1
DASHA,0
DAVANTA,1
DAVE,1
DAVEANN,0
DA'VETTA,0
DAVID,0
DAVID,1
DAVIN,1
DAVINA,0
DAVION,1
DAVONA,0
DAVONDA,0
DAVONTE,1
DAVY,1
DAWAN,0
DAWN,0
DAWN,1
DAWNA,0
DAWNE,0
DAWNETTA,0
DAWNY,0
DAWNYELL,0
DAYDRA,0
DAYMON,1
DAYSA,0
DAZMEONTA,0
D'CARLOS,1
DEADRAIN,0
DEAN,0
DEAN,1
DEANA,0
DEANDRA,0
DEANDRE,1
DEANDRIA,0
DEANDRIEA,0
DEANGELO,1
DEANI,0
DEANN,0
DEANNA,0
DEANNE,0
DEANNINE,0
DEARRAH,0
DEAUDREY,1
DEAUNDREA,0
DEBARA,0
DEBBIE,0
DEBBY,0
DEBBYE,0
DEBI,0
DEBORA,0
DEBORAH,0
DEBRA,0
DEBRAH,0
DECARLIA,0
DEDRA,0
DEDRIA,0
DEDRIC,1
DEE,0
DEENA,0
DEERINDA,0
DEESTA,0
DEIDRA,0
DEIDRE,0
DEIDRICK,1
DEIONA,0
DEIRDRA,0
DEIRDRE,0
DEITRICH,1
DEIVORY,0
DEJA,0
DEJANETTE,0
DEJUAN,1
DEJUANA,0
DEKEATRICK,1
DEKENDRIA,0
DEKITRA,0
DELANA,0
DELANIA,0
DELARIUS,1
DELARROL,1
DELBERT,1
DELDRICK,1
DELEDA,0
DELEXIS,0
DELIA,0
DELICIA,0
DELILAH,0
DELILAHA,0
DELINDA,0
DELISA,0
DELISHA,0
DELL,1
DELLA,0
DELMA,0
DELOIS,0
DELOISE,0
DELORA,0
DELORES,0
DELORIS,0
DELORISE,0
DELPHIA,0
DELSANDRO,0
DELTA,0
DELTON,1
DELTRISE,0
DELVA,0
DELVANTE,1
DELVIN,1
DEMARCIA,0
DEMARCUS,1
DEMARIAN,1
DEMARIO,1
DEMARIYEA,1
DEMARKUS,1
DEMARRIO,1
DEMERY,1
DEMETRA,0
DEMETREONTA,0
DEMETRESS,0
DEMETRIA,0
DEMETRIC,0
DEMETRIC,1
DEMETRICE,0
DEMETRICK,1
DEMEYTRES,0
DEMITRA,0
DEMONIAE,1
DEMPSEY,1
DENA,0
DENAISSA,0
DENARIUS,1
DENEAN,0
DENELIA,0
DENESE,0
DENESHA,0
DENESHIA,0
DENEST,1
DENIASHA,0
DENICE,0
DENICIA,0
DENIESE,0
DENIS,1
DENISA,0
DENISE,0
DENISEO,0
DENISHA,0
DENISHIA,0
DENISHNO,1
DENITA,0
DENNI,0
DENNIS,1
DENNISE,0
DENNISON,1
DENNNIS,1
DENNY,1
DENOKA,0
DENSEN,1
DENTON,1
DENVER,1
DENZEL,1
DENZELL,1
DENZIL,1
DEOMMY,1
DEON,1
DEPRISHA,0
DEQUANTE,1
DEQUINCEY,1
DERALD,1
DERECCA,0
DERECK,1
DEREK,1
DERIC,1
DERICA,0
DERICK,1
DERIONTE,1
DERIUS,1
DERL,1
DERMONT,1
DERNITTA,0
DERRECK,1
DERREK,1
DERREL,1
DERRIC,1
DERRICA,0
DERRICK,0
DERRICK,1
DERWIN,1
DERYL,1
DESARA,0
DESERIA,0
DESHA,0
DESHANA,0
DESHAUNA,0
DESHAWN,0
DESHUN,1
DESHUNDA,0
DESIRAE,0
DESIRAY,0
DESIRE,1
DESIREE,0
DESMOND,1
DESTENIE,0
DESTIN,0
DESTINEY,0
DESTINY,0
DESTYNI,0
DESZARAI,0
DETONDA,0
DETRA,0
DETRICH,0
DETRICH,1
DEUNDRA,0
DE'UNTAE,1
DEVAN,0
DEVAN,1
DEVANTA,1
DEVEN,0
DEVEN,1
DEVIN,0
DEVIN,1
DEVINE,1
DEVIS,0
DEVLIN,0
DEVON,0
DEVON,1
DEVONA,0
DEVONDREA,0
DEVONTA,1
DEVONTAY,1
DEVRA,0
DEVYN,0
DEVYN,1
DEWANDA,0
DEWANIA,0
DEWANNA,0
DEWAYNE,1
DEWELL,1
DEXTER,1
DHAMAYANTHI,0
DHARMIN,1
DIA,0
DIALO,1
DIAMOND,0
DIAN,0
DIANA,0
DIANE,0
DIANNA,0
DIANNE,0
DIANNETTE,0
DIANNIA,0
DIARA,0
DICKY,1
DIEDRA,0
DIEDRE,0
DIETRA,0
DIKESHA,0
DILLAN,1
DILLARD,1
DILLIAN,1
DILLION,1
DILLON,1
DILYN,1
DIMETRA,0
DIMETRICH,1
DIMITRI,1
DIMITRIC,1
DIMITY,0
DINA,0
DINAH,0
DION,1
DIONE,0
DIONISHA,0
DIONNE,0
DIONTE,1
DIRK,1
DIXIE,0
DIXON,1
D'JEANEAUX,0
DJUANA,0
DNEISHIA,0
DNESHIA,0
DNKA,1
DOCK,1
DOLLIE,0
DOLLY,0
DOLORES,0
DOMINIC,1
DOMINICA,0
DOMINICK,1
DOMINIQUE,0
DOMINIQUE,1
DON,1
DONA,0
DONALD,1
DONALDA,0
DONELL,1
DONESHA,0
DONGDONG,0
DONICA,0
DONISHA,0
DONITA,0
DONKA,0
DONNA,0
DONNAIRE,1
DONNALLY,0
DONNELL,1
DONNIE,0
DONNIE,1
DONNITA,0
DONNY,1
DONOUDOM,1
DONOVAN,1
DONYA,0
DONYEA,0
DONYELL,1
DONZELLA,0
DORA,0
DORAINE,0
DORALEE,0
DORAN,1
DORCY,0
DOREAN,0
DOREEN,0
DORENA,0
DORETHA,0
DORI,0
DORIAN,0
DORIAN,1
DORIE,0
DORILEE,0
DORINDA,0
DORIS,0
DORLENE,0
DOROTHA,0
DOROTHEA,0
DOROTHY,0
DORRIS,0
DORSEY,1
DORTHA,0
DORTHY,0
DOSS,1
DOTTIE,0
DOUGLAS,1
DOYLE,1
DOYNE,1
DRAGOMIR,1
DRAKE,1
DRAKKAR,1
DRASHUN,0
DREIDREA,0
DREVONNE,1
DREW,1
DREWSHADRA,0
DREYKUS,1
DUANE,1
DUDE,1
DUDLEY,1
DUJUAN,1
DULCE,0
DUNCAN,1
DURAN,1
DURANA,0
DURANDAL,1
DURWOOD,1
DURYEA,0
DUSHUN,1
DUSKA,0
DUSTAN,1
DUSTI,0
DUSTIN,0
DUSTIN,1
DUSTINE,0
DUSTY,0
DUSTY,1
DUSTYN,1
DUTCH,1
DWAIN,1
DWAN,1
DWANA,0
DWAYNE,1
DWIGHT,1
D'WILLIAM,1
DWYATT,1
DYIANA,0
DYKAJEON,1
DYLAN,1
DYNASTY,0
EARL,1
EARLENE,0
EARLINE,0
EARLIS,1
EARLY,1
EARNEST,1
EARNESTINE,0
EARNETT,1
EARNIE,1
EARSLEY,0
EARY,0
EASTER,0
EATHAN,1
EBER,1
EBONEE,0
EBONI,0
EBONY,0
EBONY,1
ECHO,0
EDD,1
EDDIE,0
EDDIE,1
EDDY,1
EDEN,0
EDEN,1
EDERLE,0
EDET,1
EDGAR,1
EDIE,0
EDINA,0
EDITH,0
EDJUAN,1
EDMOND,1
EDNA,0
EDRA,0
EDWARD,1
EDWIN,1
EDWINA,0
EDYTH,0
EFFIE,0
EFREM,1
EFREMS,1
EFREN,1
EGYPT,0
EILEEN,0
ELAINE,0
ELANA,0
ELANDA,0
ELANORE,0
ELAYNA,0
ELBERT,1
ELDRIDGE,1
ELEANOR,0
ELEANORANNE,0
ELEAPTHER,0
ELEICE,0
ELENA,0
ELESE,0
ELESHA,0
ELEXUS,0
ELFREDA,0
ELGINIA,0
ELI,1
ELIANE,0
ELIENIELE,0
ELIJAH,1
ELISA,0
ELISABETH,0
ELISE,0
ELISHA,0
ELISHA,1
ELISHIA,0
ELIZABEATH,0
ELIZABETH,0
ELIZEBETH,0
ELLA,0
ELLEN,0
ELLER,0
ELLICE,0
ELLIOT,1
ELLIOTT,1
ELLIS,1
ELMAN,1
ELMAR,1
ELMARIE,0
ELMER,1
ELMIRA,0
ELMYRA,0
ELNORA,0
ELOISE,0
ELONDA,0
ELORSE,0
ELOUISE,0
ELOY,1
ELQUITA,0
ELROY,1
ELSA,0
ELSON,1
ELVA,0
ELVETTA,0
ELVIA,0
ELVIN,1
ELVIS,1
ELWANDA,0
ELYCHIA,0
ELYSSA,0
ELZA,1
EMANUEL,1
EMARA,0
EMEKA,1
EMERALD,0
EMERY,0
EMIL,1
EMILEE,0
EMILIE,0
EMILY,0
EMMA,0
EMMANUEL,1
EMMER,0
EMMETT,0
EMMETT,1
EMMILY,0
EMMONS,1
ENCHANTRA,0
ENDIA,0
ENGRACIA,0
ENMA,0
ENMANUEL,1
ENRIQUE,1
EQUET,0
ERA,0
ERIC,0
ERIC,1
ERICA,0
ERICK,1
ERICKA,0
ERIK,1
ERIKA,0
ERIKKA,0
ERIN,0
ERMA,0
ERNEST,1
ERNESTINE,0
ERNESTO,1
ERNICE,0
ERNIE,1
ERNST,1
ERROL,1
ESMERALDA,0
ESPERANZA,0
ESSIE,0
ESTE,0
ESTEE,0
ESTELLA,0
ESTER,0
ESTEVAN,1
ESTHER,0
ESTUS,0
ETHAN,1
ETHEL,0
ETHELL,0
ETHEN,1
ETORY,0
ETOYA,0
ETTA,0
EUCLID,1
EUEL,1
EUGENE,1
EUGENIA,0
EULA,0
EULDEAN,0
EULIS,1
EUNICE,0
EVA,0
EVAN,1
EVANGELA,0
EVANGELLA,0
EVE,0
EVELEAN,0
EVELENA,0
EVELINA,0
EVELYN,0
EVELYNN,0
EVER,0
EVERETT,1
EVERETTE,1
EVERLEAN,0
EVESTER,1
EVETTA,0
EVETTE,0
EVGENIYA,0
EVITA,0
EVONNE,0
EWONDA,0
EXCENNA,0
EYLORNA,0
EYVONNE,0
EZEKIEL,1
EZELL,1
EZRA,1
FADIME,0
FAITH,0
FALANA,0
FALANDUS,1
FALEASHA,0
FALENTHEA,0
FALICIA,0
FALINDA,0
FALLON,0
FALONDA,0
FANCHON,0
FANNIE,0
FANTAZIA,0
FARAH,0
FARON,0
FARON,1
FARRAH,0
FASEEIA,0
FATE,1
FATIE,0
FATIMA,0
FAYE,0
FAYRENE,0
FE,0
FELECIA,0
FELICE,1
FELICHIA,0
FELICIA,0
FELISA,0
FELISCIA,0
FELISHA,0
FELISIA,0
FELIX,1
FELIXIA,0
FELIXMA,1
FELTON,1
FE'NETRIA,0
FENFEI,1
FERBIA,1
FERESHA,0
FERNANDO,1
FERNELL,1
FERREIZ,1
FERRELL,1
FESTUS,1
FIDEL,1
FIKISHA,0
FILESHIA,0
FINLEY,1
FINOS,1
FLAVIA,0
FLETA,0
FLETCHER,1
FLOICE,0
FLOMETTA,0
FLORA,0
FLORENCE,0
FLORENE,0
FLORETHA,0
FLORIA,0
FLORISHA,0
FLOSSIE,0
FLOY,1
FLOYD,1
FLOYDA,0
FORESTINE,0
FORREST,1
FOWLER,1
FRAN,0
FRANCENE,0
FRANCES,0
FRANCESCA,0
FRANCHESKIA,0
FRANCINE,0
FRANCIS,0
FRANCIS,1
FRANCISCO,1
FRANK,1
FRANKIE,0
FRANKIE,1
FRANKLIN,1
FRANTRISE,0
FRANZ,0
FRED,1
FREDA,0
FREDDIE,0
FREDDIE,1
FREDDY,1
FREDERICK,1
FREDIA,0
FREDRICK,1
FREDRICKA,0
FREELON,1
FREEMAN,1
FREETTA,0
FREIDA,0
FRENIKA,0
FRIEDA,0
FURDEZA,0
GABRIEL,0
GABRIEL,1
GABRIELA,0
GABRIELL,0
GABRIELLE,0
GABRILLA,0
GABRYELLA,0
GAGE,1
GAIL,0
GAIL,1
GAILA,0
GALA,0
GALE,0
GALE,1
GAREY,1
GARICA,0
GARLAND,1
GARLEN,1
GARNET,0
GAROLD,1
GARRETT,1
GARRICK,1
GARRY,1
GARTH,1
GARVIN,1
GARY,0
GARY,1
GAVIN,1
GAY,0
GAYE,0
GAYLA,0
GAYLE,0
GAYLEND,1
GAYLON,1
GAYLONE,1
GAYLYN,0
GAYNE,0
GEFFERY,1
GELINDA,0
GENA,0
GENE,1
GENEA,0
GENEO,1
GENEVA,0
GENIA,0
GENNIE,0
GEOFFREY,1
GEORGANNE,0
GEORGE,1
GEORGIA,0
GEORGIANA,0
GEORGIANNA,0
GERALD,1
GERALDINE,0
GERARDO,1
GERAY,0
GEREMY,1
GERIA,0
GERRA,0
GERRI,0
GERRITA,0
GERRON,1
GERRY,0
GERRY,1
GETRY,1
GIDEON,1
GIDGET,0
GILBERT,1
GILL,1
GINA,0
GINGER,0
GINNY,0
GINO,1
GISELE,0
GISELLE,0
GITA,0
GLADIES,0
GLADYS,0
GLEENOVER,0
GLEN,1
GLENDA,0
GLENDEAN,0
GLENDON,1
GLENDORA,0
GLENN,1
GLENNIS,0
GLENNON,1
GLICERIA,0
GLORIA,0
GLORIS,0
GLORY,0
GLYNDA,0
GLYNIS,0
GLYNN,1
GODWIN,1
GORDON,1
GORIEN,1
GOURI,0
GRACE,0
GRACIE,0
GRACYE,0
GRADY,1
GRAHAM,1
GRANT,1
GRATHA,0
GRAY,1
GRAYLON,1
GREG,1
GREGG,1
GREGGARI,1
GREGORIA,0
GREGORIE,0
GREGORY,1
GREGREY,1
GRETA,0
GRETCHEN,0
GREYSON,1
GRIFFIN,1
GROVER,1
GUADALUPE,0
GUILFORD,1
GUILLERMINA,0
GUNNAR,1
GUNNER,1
GURNEY,1
GUS,1
GUSSIE,0
GUSTAVO,1
GUY,1
GUYLA,0
GWEN,0
GWENDIN,0
GWENDOLA,0
GWENDOLYN,0
HAELEA,0
HAILEY,0
HAILIE,0
HALEIGH,0
HALEY,0
HALI,0
HALLEY,0
HALLIE,0
HAMED,1
HANAN,0
HANK,1
HANNA,0
HANNAH,0
HANNAHN,0
HANS,1
HARDY,1
HARLEY,0
HARMONEY,0
HAROLD,1
HARRELL,1
HARRIET,0
HARRIETT,0
HARRIS,1
HARRISON,1
HARRY,1
HARRYETTE,0
HARVEY,1
HASAIN,1
HASKELL,1
HATTIE,0
HAYDEN,1
HAYES,1
HAYLEA,0
HAYLEY,0
HAYLIEGH,0
HAYTHAM,1
HAYWARD,1
HAZEL,0
HEARLD,1
HEATH,1
HEATHER,0
HECTOR,1
HEIDI,0
HEINZ,1
HELEN,0
HELENIA,0
HENLEY,0
HENRIETTA,0
HENRY,1
HENRYETTA,0
HERBERT,1
HERBIE,1
HERMAN,1
HERMANIE,0
HERSCHEL,1
HERSHEL,1
HERSHELL,1
HERVEY,1
HERVIE,1
HESTER,0
HILAIRE,0
HILARIO,1
HILARY,0
HILDA,0
HILLARY,0
HOBERT,1
HOBORT,1
HOCK,1
HOLLAND,0
HOLLI,0
HOLLIE,0
HOLLISANNE,0
HOLLY,0
HOLT,1
HOMER,1
HONDO,1
HONGLAN,0
HOPE,0
HORACE,1
HORATIO,1
HOSIA,1
HOUSTON,1
HOWARD,1
HOWRAA,0
HREGE,1
HUBERT,1
HUGH,1
HUGO,1
HUI,0
HULET,1
HUNTER,1
HUSNE,0
HUSSAIN,1
IAMAMAN,1
IAN,1
IDA,0
IDELLA,0
IEESHA,0
IKUYO,0
ILIE,1
IMANI,0
IMELDA,0
INA,0
INDIA,0
INDYA,0
INELL,0
INES,0
INEZ,0
INGRAM,0
INGRID,0
INJAMAR,1
INOUSSA,1
IONA,0
IRA,0
IRA,1
IRAH,0
IREDELL,0
IRENE,0
IRESA,0
IRIS,0
IRISH,0
IRMA,0
IRVEN,1
IRVING,1
ISAAC,1
ISABEL,0
ISABELLA,0
ISAIAH,1
ISHIA,0
ISHWOR,1
ISRAEL,1
ISRECHEA,0
ISSAC,1
ITENA,0
IUKA,0
IVA,0
IVAN,1
IVONE,0
IVONNE,0
IVORY,0
IVORY,1
IVY,0
IVY,1
IWONA,0
IYSHA,0
IYTEISHA,0
IYUNNA,0
IZEAR,1
IZZAMAR,0
JABREKA,0
JABRIA,0
JACEE,0
JACI,0
JACINDA,0
JACINTA,0
JACK,0
JACK,1
JACKALIN,0
JACKALYN,0
JACKEE,0
JACKIE,0
JACKIE,1
JACKLYN,0
JACKQUALIN,0
JACKSON,1
JACKY,0
JACKY,1
JACLYN,0
JACOB,1
JACOBIA,0
JACOBIE,0
JACQAULINE,0
JACQLYN,0
JACQUALINE,0
JACQUELIN,0
JACQUELINE,0
JACQUELYN,0
JACQUELYNE,0
JACQUELYNN,0
JACQUES,1
JACQUILYN,0
JACQUIN,1
JACQULIN,0
JACQULINE,0
JACQULYN,0
JADA,0
JADE,0
JADE,1
JADON,1
JAELYN,0
JAENY,0
JAERICA,0
JAESHA,0
JAGDIPKUMAR,1
JAIME,0
JAIME,1
JAIMI,1
JAIMIE,0
JAJUAN,0
JAKARI,1
JAKE,1
JAKINA,0
JAKOB,1
JAKORI,1
JAKYRA,0
JAKYREE,1
JALEESA,0
JALEN,1
JALENE,0
JALESA,0
JALESIA,0
JALISA,0
JALISHA,0
JALISHIA,0
JALISIA,0
JALLIYAH,0
JALONDA,0
JALYN,1
JAMAAL,1
JAMAL,1
JAMANDA,0
JAMARCUS,1
JAMARIO,1
JAMARROW,1
JAMATER,0
JAMES,0
JAMES,1
JAMESHA,0
JAMESHIA,0
JAMEY,0
JAMEY,1
JAMI,0
JAMIA,0
JAMIE,0
JAMIE,1
JAMIESON,1
JAMILA,0
JAMILAH,0
JAMILLAH,0
JAMIN,1
JAMISHA,0
JAMISHELA,0
JAMMIE,0
JAMONTAE,1
JAMYA,0
JAN,0
JANA,0
JANAE,0
JANAH,0
JANAYTHA,0
JANE,0
JANEAN,0
JA'NEICE,0
JANELL,0
JANELLA,0
JANELLE,0
JANELTA,0
JANET,0
JANETTA,0
JANETTE,0
JANEY,0
JANIA,0
JANICA,0
JANICE,0
JANIE,0
JANIECE,0
JANINE,0
JANIS,0
JANISE,0
JANITA,0
JANN,0
JANNA,0
JANNIE,0
JANSEN,1
JAPHETH,1
JAQINTA,0
JAQUELINE,0
JAQUET,0
JAQUEVA,0
JAQUEZ,1
JAQUIS,0
JAQUITA,0
JAQUON,1
JARAVIEN,1
JARDENA,0
JARED,1
JAREK,0
JAREN,0
JARET,0
JARET,1
JARETT,1
JARION,1
JARIUS,1
JARON,1
JARRAD,1
JARRED,1
JARRELL,1
JARRETT,1
JARRIUS,1
JARROD,1
JARRYUS,1
JARVETHIA,0
JARVIS,0
JARVIS,1
JASEMINE,0
JASI',0
JASMIN,0
JASMINA,0
JASMINE,0
JASMYN,0
JASON,0
JASON,1
JAUAN,0
JAVANTE,1
JAVIERA,0
JAVION,1
JAVLON,0
JAVONNA,0
J'AVONNLON,0
JAWAUN,1
JAY,1
JAYCEEN,0
JAYDA,0
JAYEVON,0
JAYLA,0
JAYLEN,1
JAYLON,1
JAYME,0
JAYMES,1
JAYMIE,0
JAYNE,0
JAYNIE,0
JAYSON,1
JAZLYNNE,0
JAZMIN,0
JAZMINE,0
JAZTONE,0
JAZZMINE,0
JEAN,0
JEAN,1
JEANA,0
JEANE,0
JEANETTE,0
JEANIA,0
JEANIE,0
JEANNA,0
JEANNE,0
JEANNETTE,0
JEANNIE,0
JEANNINE,0
JEARL,1
JEDD,1
JEDEDELIAH,0
JEFF,1
JEFFERSON,1
JEFFERY,1
JEFFIE,0
JEFFREY,1
JELISHA,0
JELISSIA,0
JEMARIEA,0
JEMERE,1
JEMIKA,0
JENA,0
JENE,0
JENICE,0
JENIFER,0
JENINE,0
JENNA,0
JENNIE,0
JENNIFER,0
JENNY,0
JENSINE,0
JEOFFREY,1
JERA,0
JERALD,1
JERAMIE,1
JERDARA,0
JEREL,1
JERELENE,0
JERELL,1
JEREMEY,1
JEREMIAH,0
JEREMIAH,1
JEREMIE,1
JEREMY,0
JEREMY,1
JERI,0
JERILYNN,0
JERIMIAH,1
JERMAINE,1
JERMY,1
JEROD,0
JEROD,1
JEROLD,1
JEROME,1
JEROMY,1
JERREL,1
JERRI,0
JERRIAN,0
JERRICA,0
JERRICK,1
JERRIE,0
JERROD,1
JERROLD,1
JERRY,0
JERRY,1
JERRYE,0
JERYL,0
JESHANAH,0
JESI,0
JESICA,0
JESNA,0
JESS,1
JESSAMINE,0
JESSANDRA,0
JESSE,0
JESSE,1
JESSECA,0
JESSICA,0
JESSIE,0
JESSIE,1
JESTYNN,1
JESUS,1
JETTHENIA,0
JEWEL,0
JEWEL,1
JEWELENE,0
JEWELL,0
JEWELL,1
JIDANANCIA,0
JIHAN,0
JILANNA,0
JILL,0
JILLIAN,0
JIM,1
JIMI,1
JIMMIE,0
JIMMIE,1
JIMMY,1
JIN,1
JING,0
JO,0
JOAN,0
JOANIE,0
JOANN,0
JOANNA,0
JOANNE,0
JOASH,1
JOBY,1
JOCEE,0
JOCELYN,0
JOCK,0
JODI,0
JODIE,0
JODY,0
JODY,1
JOE,0
JOE,1
JOEL,1
JOELEEN,0
JOELLEN,0
JOESPH,0
JOETTA,0
JOEY,1
JOGEE,0
JOHANNA,0
JOHARA,0
JOHN,1
JOHNATHAN,1
JOHNATHON,1
JOHNDREA,0
JOHNELLA,0
JOHNELLER,0
JOHNEY,1
JOHNIE,0
JOHNIE,1
JOHNNA,0
JOHNNIE,0
JOHNNIE,1
JOHNNY,0
JOHNNY,1
JOI,0
JOIA,0
JOICE,0
JOLAYNE,0
JOLEEN,0
JOLENE,0
JOLETTA,0
JOLINDA,0
JOLUNDA,0
JOMEKA,0
JON,0
JON,1
JONAH,1
JONAS,1
JONATHAN,0
JONATHAN,1
JONATHON,1
JONDA,0
JONELLE,0
JONESHA,0
JONESIA,0
JONETTA,0
JONI,0
JONIA,0
JONNA,0
JONTAE,0
JORDAN,0
JORDAN,1
JORDANE,0
JORDYN,0
JORETA,0
JORETHA,0
JORGE,1
JO-RUTH,0
JOSALYN,0
JOSE',1
JOSE,1
JOSEF,1
JOSEFA,0
JOSELEONARDO,1
JOSELINE,0
JOSEPH,0
JOSEPH,1
JOSEPHINE,0
JOSH,1
JOSHUA,1
JOSIAH,1
JOSIE,0
JOSILYN,0
JOSLYN,0
JOSSELYN,0
JOSUE,1
JOVAN,1
JOVON,1
JOVONNA,0
JOY,0
JOYCE,0
JOYCELIN,0
JOYCELYN,0
JOYE,0
JOYELLE,0
JOYLYN,0
JROD,1
JUAN,1
JUANA,0
JUANARITHIA,0
JUANIKA,0
JUANITA,0
JUANTISHA,0
JUDE,1
JUDI,0
JUDIAH,0
JUDITH,0
JUDITHANN,0
JUDY,0
JUJUANA,0
JULES,1
JULESSCIA,0
JULI,0
JULIA,0
JULIAN,1
JULIANE,0
JULIANNA,0
JULIANNE,0
JULIE,0
JULIENNE,0
JULIET,0
JULIETTE,0
JULIO,1
JULIUS,0
JULIUS,1
JULUNDA,0
JUNE,0
JUNETTE,0
JUNIOR,1
JUNJI,1
JURIL,0
JURIL,1
JURMICKA,0
JUS,1
JUSTICE,1
JUSTIN,1
JUSTINA,0
JUSTINE,0
JUSTYN,1
JUVENAL,1
JUVITA,0
JUWONJA,0
J.W.,1
KAAYLA,0
KABREA,0
KABRINA,0
KACHONDRA,0
KACI,0
KACIE,0
KACY,1
KADIJAH,0
KAELIN,0
KAI,1
KAILA,0
KAILEY,0
KAISHA,0
KAITLIN,0
KAITLYN,0
KAITLYNN,0
KAJALA,0
KAKETCHA,0
KALA,0
KALAH,0
KALANI,1
KALEB,1
KALEE,0
KALEENA,0
KALEIGH,0
KALEISHA,0
KALEN,0
KALEY,0
KALI,0
KALIKA,0
KALISHA,0
KAMALA,0
KAMARA,0
KAMBER,0
KAMELIA,0
KAMESHA,0
KAMI,0
KAMICA,0
KAMIKA,0
KAMISHA,0
KAMMI,0
KAMRY,1
KANDACE,0
KANDI,0
KANDICE,0
KANDIS,0
KANDY,0
KANDYCE,0
KANE,1
KANEESHA,0
KANEICHUA,0
KANEISHA,0
KANEKALON,0
KANESHA,0
KANESHEIA,0
KANESHIA,0
KANGELITA,0
KANICE,0
KANIKA,0
KANISHA,0
KANITRA,0
KANON,1
KANTRIS,0
KAPRECIA,0
KAPRI,0
KARA,0
KARALIN,0
KARANISHA,0
KARDRA,0
KAREBA,0
KAREN,0
KARENSIA,0
KARESHA,0
KARESS,0
KARI,0
KARIE,0
KARILYN,0
KARIM,1
KARIN,0
KARISA,0
KARISSA,0
KARL,1
KARLA,0
KARLEIGH,0
KARLEY,0
KARLI,0
KARLISHA,0
KARLYN,0
KARLYNN,0
KARMA,0
KARMEN,0
KARMESHA,0
KARNA,0
KARNEISHA,0
KAROL,0
KARON,0
KARONICA,0
KARRES,0
KARRI,0
KARRIE,0
KARRINGTON,1
KARRON,0
KARRY,1
KARSEEKO,1
KARY,1
KARYES,1
KARYN,0
KASEY,0
KASHANNA,0
KASHAUN,0
KASHAUNA,0
KASHAUNDA,0
KASHAYLA,0
KASHEENA,0
KASHINA,0
KASI,0
KASON,1
KASSADIE,0
KASSANDRA,0
KASSI,0
KASSIDI,0
KASSIE,0
KASSONYA,0
KATANDRA,0
KATARSHA,0
KATEDRA,0
KATEEZIA,0
KATE-LYN,0
KATELYN,0
KATERI,0
KATEY,0
KATHA,0
KATHALENE,0
KATHARINE,0
KATHERIN,0
KATHERINE,0
KATHERYN,0
KATHEY,0
KATHI,0
KATHIE,0
KATHINA,0
KATHLEEN,0
KATHLEENE,0
KATHRYN,0
KATHY,0
KATIE,0
KATINA,0
KATISHA,0
KATLIN,0
KATRA,0
KATREASA,0
KATRESHA,0
KATRIAL,0
KATRICIA,0
KATRINA,0
KATRINIA,0
KATTIE,0
KATY,0
KATYE,0
KAY,0
KAYCI,0
KAYE,0
KAYLA,0
KAYLAN,0
KAYLAN,1
KAYLANDRA,0
KAYLE,0
KAYLEBRAE,0
KAYLEE,0
KAYLEIGH,0
KAYLEN,0
KAYLONA,0
KAYLYN,0
KAYLYNN,0
KAYNESHA,0
KAYTLIN,0
KAYTRANA,0
KAZ,1
KEACHA,0
KEALEY,0
KEANA,0
KEANDREA,0
KE'ANNA,0
KEANU,0
KEARIA,0
KEATON,1
KEAUBREYUNNA,0
KEAUNDRE,1
KECHETA,0
KEDEIZSHA,0
KEDRICK,1
KEEDREN,1
KEELEY,0
KEELY,0
KEENAN,1
KEENYA,0
KEEONA,0
KEESA,0
KEESHA,0
KEEVEN,1
KEEWYONE,1
KEIA,0
KEIFORNE,0
KEIJI,1
KEIOSHIA,0
KEISHA,0
KEITH,1
KEITRA,0
KEITRIC,1
KEITRICH,1
KELA,0
KELCEY,0
KELCIE,0
KELI,0
KELICIA,0
KELLE,0
KELLEE,0
KELLEY,0
KELLEY,1
KELLI,0
KELLIE,0
KELLY,0
KELLY,1
KELLYE,0
KELMONI,1
KELON,1
KELSEI,0
KELSEY,0
KELSI,0
KELSIE,0
KELTON,1
KELVIN,1
KELVY,1
KEMBERLY,0
KEMIA,0
KEMP,1
KEN,1
KENA,0
KENDA,0
KENDAESHA,0
KENDAL,0
KENDAL,1
KENDALL,0
KENDALL,1
KENDALYNN,0
KENDRA,0
KENDRIA,0
KENDRICK,1
KENDRIEN,1
KENEETRA,0
KENEISHA,0
KENESHIA,0
KENETH,1
KENFORD,1
KENISHA,0
KENITA,0
KENITH,1
KENITRA,0
KENJUAN,1
KENNARD,1
KENNEDY,0
KENNEDY,1
KENNESHIA,0
KENNETH,1
KENNETTE,0
KENNIE,0
KENNIE,1
KENNION,1
KENNISHA,0
KENNON,1
KENNY,1
KENNYDRA,0
KENOSHIA,0
KENRIC,1
KENSEL,0
KENSHUNDA,0
KENT,1
KENTARIOUS,1
KENTIN,1
KENTON,1
KENTRELL,1
KENYA,0
KENYADA,0
KENYATA,0
KENYATTA,0
KENYATTA,1
KENYETTA,0
KENYETTE,0
KENYON,1
KENZIE,1
KEON,1
KEONA,0
KEONDRA,0
KEONTA,1
KEONTIS,1
KEOSHA,0
KERA,0
KERI,0
KERIN,0
KERMIT,1
KERRI,0
KERRIE,0
KERRY,0
KERRY,1
KESHA,0
KESHIA,0
KESIA,0
KETRA,0
KEUNDRA,0
KE'UNNA,0
KEVA,0
KEVIN,1
KEVI'NESHA,0
KEVONTE,1
KEWANDRA,0
KEWANEE,0
KEYAIRA,0
KEYAMBERIA,0
KEYCHIRA,0
KEYLOS,1
KEYNIECIA,0
KEYONA,0
KEYSHAWN,1
KEYTH,1
KEYUNDRA,0
KHADEJAH,0
KHADIJAH,0
KHALA,0
KHALIL,1
KHALILAH,0
KHANESHA,0
KHARI,1
KHARYSSA,0
KHATRISA,0
KHELLI,0
KHOI,1
KHRIS,1
KHRISTA,0
KIA,0
KIALA,0
KIAMBI,1
KIANA,0
KIANNA,0
KIARA,0
KIARI,0
KIASHA,0
KIEDRAH,0
KIEOSTTA,0
KIERRA,0
KIERSTEN,0
KIESHA,0
KILEY,0
KIM,0
KIM,1
KIMALEE,0
KIMBELLE,0
KIMBER,0
KIMBERELY,0
KIMBERLEE,0
KIMBERLEIGH,0
KIMBERLEY,0
KIMBERLI,0
KIMBERLIN,0
KIMBERLY,0
KIMBRA,0
KIMELA,0
KIMERON,1
KIMESHA,0
KIMI,0
KIMMIE,0
KIMOLYN,0
KIMONTIE,1
KIMYATA,0
KIN,1
KINASHA,0
KINDRA,0
KINETA,0
KING,1
KINGSLEY,1
KINYETTA,0
KIONNA,0
KIONTI,0
KIRA,0
KIRAL,0
KIRK,1
KIRSTEN,0
KIRSTYN,0
KIRTIDA,0
KIRT-MICHAEL,1
KISHA,0
KISMICH,0
KISSIA,0
KISWANNA,0
KITTEN,0
KITTY,0
KIZMET,0
KIZZIE,0
KIZZY,0
KLEASHARA,0
KNAUDIA,0
KOBY,1
KODI,0
KOESHA,0
KOFI,1
KOGRECHA,0
KOLBE,1
KOLBY,0
KOLE,1
KOLESHIA,0
KOLTON,1
KORBIN,1
KORDELL,1
KOREN,0
KORENZO,1
KOREY,1
KORI,0
KORINNE,0
KORTNEY,0
KOSCINA,0
KOURTNEY,0
KOVOSHA,0
KRAMER,1
KRESTON,1
KRIPA,0
KRIS,0
KRIS,1
KRISCINDA,0
KRISHANA,0
KRISHELLE,0
KRISHNA,0
KRISSASIAH,0
KRISSIE,0
KRISTA,0
KRISTAIN,0
KRISTAL,0
KRISTAN,0
KRISTE,0
KRISTEN,0
KRISTENA,0
KRISTESON,0
KRISTI,0
KRISTIAN,0
KRISTIE,0
KRISTIN,0
KRISTINA,0
KRISTINE,0
KRISTINNA,0
KRISTOFOR,1
KRISTOPHER,1
KRISTY,0
KRISTYN,0
KRYCYNTHIA,0
KRYSTAL,0
KRYSTALE,0
KRYSTEL,0
KRYSTI,0
KRYSTIAN,0
KRYSTIN,0
KRYSTINA,0
KRYSTLE,0
KRYSTYNA,0
KURT,1
KURTIS,1
KWANZA,0
KYE,1
KYERRA,0
KYLA,0
KYLAN,1
KYLE,1
KYLEEN,0
KYLER,0
KYLER,1
KYLIE,0
KYLIN,0
KYMALA,0
KYMBERLYN,0
KYNA,0
KYONNA,0
KYRA,0
KYRON,1
LABRISHA,0
LABRONCE,1
LACAMRA,0
LACANDIACE,0
LACANDIS,0
LACANTE,0
LACEASHA,0
LACERESA,0
LACEY,0
LACHANDA,0
LACHAR,0
LACI,0
LACIE,0
LACINDA,0
LACONNA,0
LACONSTANCE,0
LACONYA,0
LACORDA,1
LACOYA,0
LACROSHA,0
LACY,0
LACYE,0
LADALE,1
LADANA,0
LADARA,0
LADARIUS,1
LADAVIAN,1
LADAWAN,0
LADAWN,0
LADONNA,0
LAGINA,0
LAHOLLIS,1
LAINE,0
LAJADEA,0
LAJEANA,0
LAJENA,0
LAJOYA,0
LAJUANA,0
LAKAISHA,0
LAKEESHA,0
LAKEICHA,0
LAKEISHA,0
LAKEITA,0
LAKEITHA,0
LAKEN,0
LAKENA,0
LAKENDRA,0
LAKENYA,0
LAKESHA,0
LAKESHIA,0
LAKESIA,0
LAKETA,0
LAKETHA,0
LAKETIA,0
LAKETRIA,0
LAKEYA,0
LAKEYSHA,0
LAKEYSIA,0
LAKEYTA,0
LAKIATA,0
LAKIDA,0
LAKIESHA,0
LAKIEVA,0
LAKINA,0
LAKISHA,0
LAKISSA,0
LAKISSHA,0
LAKITA,0
LAKRISHA,0
LAKRYSTAL,0
LAMAR,0
LAMAR,1
LAMARCUS,1
LAMARIE,0
LAMARIO,1
LAMARISE,0
LAMARKUS,1
LAMECIA,0
LAMESIA,0
LAMETREA,0
LAMON,1
LAMONDRA,1
LAMONICA,0
LAMONT,1
LAMONTTI,1
LAMORLA,0
LANA,0
LANAFFRIAH,0
LANAN,0
LANATA,0
LANCE,1
LANDEN,1
LANDON,1
LANDY,1
LANDYN,0
LANE,1
LANECIA,0
LANEKA,0
LANELLE,0
LANESSA,0
LANETRA,0
LANETTA,0
LANETTE,0
LANIKA,0
LANISE,0
LANITA,0
LANKSTER,1
LANNA,0
LANNIE,1
LANNY,1
LANTZ,1
LAPOSHIA,0
LAPRISHA,0
LAQUANTA,0
LAQUECIA,0
LAQUEISHA,0
LAQUELIA,0
LAQUESTIA,0
LAQUETTA,0
LAQUINNCIA,0
LAQUINTA,0
LAQUINTA,1
LAQUISHA,0
LAQUISTA,0
LAQUITA,0
LAQUTTA,0
LAQWONIA,0
LARA,0
LARAE,0
LARANE,0
LARAVEN,0
LAREDA,0
LAREE,0
LARESA,0
LARHONDA,0
LARINDA,0
LARISA,0
LARISSA,0
LARITA,0
LARIZAH,0
LARMON,1
LARNELL,1
LARODRICK,1
LARON,0
LARONDA,0
LAROYCE,0
LA'ROZI,1
LARRETA,0
LARRIE,1
LARRY,1
LARS,1
LARUEN,0
LARUTH,0
LASANDRA,0
LASAUNDRA,0
LASHALA,0
LASHAMA,0
LASHANA,0
LASHANDA,0
LASHANDRA,0
LASHANE,0
LASHANNON,0
LASHANTA,0
LASHAUNDRA,0
LASHAWN,0
LASHAWNA,0
LASHAY,0
LASHEBA,0
LASHEENA,0
LA'SHERI,0
LASHON,0
LASHONA,0
LASHONDA,0
LASHONDRIA,0
LASHONIA,0
LASHRA,0
LASHUAN,0
LASHUN,0
LASHUNA,0
LASHUNDA,0
LASHUNDRA,0
LASKA,1
LASONDRA,0
LASONIA,0
LASONJA,0
LASONYA,0
LASTACY,0
LASTEPHANIE,0
LASTEVENIE,0
LATALLYA,0
LATANYA,0
LATANYE,0
LATARA,0
LATARSHA,0
LATASHA,0
LATASHIA,0
LATAWNYA,0
LATECIA,0
LATERICA,0
LATERIKA,0
LATERRIA,0
LATESHA,0
LATESHIA,0
LATHERESE,0
LATICIA,0
LATIFA,0
LATIFFANY,0
LATINA,0
LATISHA,0
LATONDA,0
LATONIA,0
LATONIEO,1
LATONJA,0
LATONNIE,0
LATONYA,0
LATONYALYN,0
LATORA,0
LATORIA,0
LATORIS,0
LATOSHA,0
LATOSHIA,0
LATOYA,0
LATOYIA,0
LATREASA,0
LATRELL,1
LATRENDA,0
LATREONA,0
LATRESA,0
LATRESE,0
LATRESHA,0
LATRESSEE,0
LATRIANA,0
LATRICE,0
LATRICIA,0
LATRINA,0
LATRINDA,0
LATRISHA,0
LATRYCE,0
LATWANA,0
LATWANDA,0
LAUNA,0
LAURA,0
LAURA,1
LAUREL,0
LAUREN,0
LAURENA,0
LAURENCE,0
LAURENCE,1
LAURIE,0
LAVANYA,0
LAVATIA,0
LAVELLE,1
LAVENNIER,0
LAVERA,0
LAVERIA,0
LAVERN,0
LAVERN,1
LAVERNE,0
LAVERNE,1
LAVESTA,0
LAVESTER,1
LAVITA,0
LAVON,0
LAVON,1
LAVONDA,0
LAVONNA,0
LAVONNE,0
LAWANDA,0
LAWRENCE,1
LAWTON,0
LAYLI,0
LAYONA,0
LAYTON,1
LAZENDRA,0
LAZERIC,1
LEA,0
LEAH,0
LEAKETE,0
LEANDRIA,0
LEANN,0
LEANNA,0
LEANNE,0
LEANTHONY,1
LEANTIONETTE,0
LEAONA,0
LEATHIA,0
LEATRICE,0
LEATUITA,0
LEAVERDIA,0
LEAVERN,0
LEAVY,1
LEBBERT,1
LECA,0
LECH,1
LECHASITY,0
LECONTE,1
LECYNDA,0
LEDALE,1
LEE,0
LEE,1
LEEANN,0
LEELAND,1
LEELINDA,0
LEENA,0
LEESA,0
LEESHA,0
LEEVI,1
LEEZA,0
LEHMAN,1
LEIFEL,1
LEIGH,0
LEIGHA,0
LEIGHANN,0
LEILA,0
LEISA,0
LEITA,0
LEKEBA,0
LEKEISHA,0
LEKIESHA,0
LEKISHA,0
LELA,0
LELAND,1
LEMAN,0
LEMARCUS,1
LEMUEL,1
LENA,0
LENDA,0
LENDAL,1
LENDY,0
LENEE,0
LENELL,1
LENETTA,0
LENION,1
LENITA,0
LENNON,0
LENNON,1
LENNY,1
LENORA,0
LENORE,0
LENSTER,1
LEO,1
LEOLA,0
LEON,0
LEON,1
LEONA,0
LEONARD,1
LEONDRY,1
LEONNA,0
LEONTYNE,0
LEORA,0
LERAIN,0
LEROY,1
LES,1
LESA,0
LESCIARA,0
LESHEIA,0
LESHIA,0
LESHONDRA,0
LESIA,0
LESLEE,0
LESLEY,0
LESLEY,1
LESLI,0
LESLIE,0
LESLIE,1
LESSIE,0
LESTER,1
LESTERINE,0
LETHA,0
LETICIA,0
LETITIA,0
LETREANA,0
LETRISHE,0
LETTIE,0
LETTY,0
LEVAR,1
LEVAUGHN,0
LEVERN,0
LEVI,1
LEWATIS,1
LEWIS,1
LEX,1
LEXIE,0
LEXIS,0
LEZLIE,0
LI,0
LIBBY,0
LIDIA,0
LILA,0
LILAH,0
LILBURN,1
LILLIAN,0
LILLIE,0
LILNETRIA,0
LILY,0
LIMON,1
LINA,0
LINDA,0
LINDASUE,0
LINDEN,1
LINDER,0
LINDEY,0
LINDSAY,0
LINDSAY,1
LINDSEY,0
LINDSEY,1
LINDY,0
LINDY,1
LINETTA,0
LINETTE,0
LINNELL,0
LINNIE,0
LINO,1
LIONEL,1
LISA,0
LISHA,0
LITA,0
LIZ,0
LIZA,0
LIZAR,0
LIZBETH,0
LLEWELLYN,1
LLOYD,1
LLYWEYIA,0
LOARSTEAN,0
LOGAN,0
LOGAN,1
LOIS,0
LOLA,0
LOLETHA,0
LOLITA,0
LOMA,0
LOMAN,1
LON,1
LONA,0
LONDA,0
LONDON,0
LONENETTA,0
LONETTA,0
LONISHA,0
LONNELY,0
LONNIE,1
LONNY,1
LONZO,1
LORA,0
LORAINE,0
LORECE,0
LOREN,0
LOREN,1
LORENA,0
LORENNA,0
LORENNETTA,0
LORENZO,1
LORETHA,0
LORETTA,0
LORI,0
LORIE,0
LORIN,1
LORITA,0
LORNA,0
LORRA,0
LORRAINE,0
LORRENDA,0
LORRETTA,0
LORRI,0
LORRIE,0
LORRY,0
LOTT,1
LOTTIE,0
LOU,0
LOUANN,0
LOUAUNA,0
LOUELLA,0
LOUIE,1
LOUIS,1
LOUISE,0
LOUKISHA,0
LOURINE,0
LOUTEEN,0
LOVELL,1
LOVER,0
LOVEY,1
LOWELL,1
LOY,1
LOYCE,1
LOYDA,0
L'TANYA,0
LTC,1
LUBERTHER,0
LUCAS,1
LUCIAN,1
LUCILLA,0
LUCILLE,0
LUCINDA,0
LUCIOUS,1
LUCRETIA,0
LUCY,0
LUE,1
LUGENE,1
LUIGI,1
LUIS,1
LUJUAN,0
LUKAS,1
LUKE,1
LUKENA,0
LULLA,0
LUMMIE,1
LURENDA,0
LURIE,1
LURINNE,0
LUTHER,1
LUVENIA,0
LUZ,0
LYDIA,0
LYDONNA,0
LYLE,1
LYNAL,1
LYNDA,0
LYNDAL,1
LYNDALL,1
LYNDELL,1
LYNDLE,1
LYNDON,1
LYNDSEY,0
LYNETHA,0
LYNETTA,0
LYNETTE,0
LYNIYA,0
LYNN,0
LYNN,1
LYNNDIA,0
LYNNE,0
LYNNETTE,0
LYNZI,0
LYRIC,0
MA,0
MAC,1
MACHELL,0
MACIE,0
MACK,1
MACKENZIE,0
MACKENZIE,1
MACKIE,1
MACON,1
MACY,0
MADA,0
MADDISON,0
MADDISON,1
MADELEINE,0
MADELINE,0
MADELYN,0
MADISON,0
MADISON,1
MADONNA,0
MAE,0
MAGEAN,0
MAGGIE,0
MAHASAN,0
MAHOGANEY,0
MAHOGANY,0
MAI,0
MAIA,0
MAIHSA,0
MAISAM,0
MAJ.,1
MAKALL,0
MAKAYLA,0
MAKEAL,0
MAKEENA,0
MAKEISHA,0
MAKENZI,0
MAKESHA,0
MALAYSHIA,0
MALAYSIA,0
MALCOLM,1
MALCOM,1
MALENA,0
MALESA,0
MALIA,0
MALIK,1
MALINDA,0
MALISA,0
MALISHA,0
MALISSA,0
MALLIE,0
MALLISSA,0
MALLORI,0
MALLORIE,0
MALLORY,0
MALONA,0
MALYN,0
MANCO,1
MANCY,1
MANDEE,0
MANDI,0
MANDY,0
MANJUSHA,0
MANOJ,1
MANSEL,1
MANUELA,0
MANUELITA,0
MAPLE,0
MAQEZ,1
MARA,0
MARANDA,0
MARC,1
MARCAS,1
MARCCAN,1
MARCEL,1
MARCELLA,0
MARCEY,0
MARCHALL,0
MARCI,0
MARCIA,0
MARCIE,0
MARCO,1
MARCOVOUS,0
MARCUS,1
MARCY,0
MARECIA,0
MAREE,0
MAREIA,0
MARELISA,0
MARGARET,0
MARGARETT,0
MARGARICE,0
MARGARITA,0
MARGERET,0
MARGIE,0
MARGO,0
MARGOT,0
MARGRET,0
MARGUERITE,0
MARGURITE,0
MARHTA,0
MARI,0
MARIA,0
MARIAH,0
MARIAM,0
MARIAN,0
MARIANN,0
MARIANNA,0
MARIANNE,0
MARIANO,1
MARIE,0
MARIEDA,0
MARIEL,0
MARIESA,0
MARIETHA,0
MARIETTA,0
MARIJEAN,0
MARIJO,0
MARIKA,0
MARILYN,0
MARILYNN,0
MARINA,0
MARIO,1
MARION,0
MARION,1
MARISA,0
MARISHA,0
MARISIA,0
MARISKA,0
MARISOL,0
MARISSA,0
MARITA,0
MARITZA,0
MARJORIE,0
MARJUNIA,0
MARK,1
MARKEETA,0
MARKEETTA,0
MARKEISHA,0
MARKEITH,1
MARKEL,1
MARKELTON,1
MARKESHA,0
MARKESIA,0
MARKETT,0
MARKITA,0
MARKOS,1
MARKS,1
MARLA,0
MARLAN,1
MARLANA,0
MARLEAN,0
MARLEESE,0
MARLENA,0
MARLENE,0
MARLIN,1
MARLON,1
MARLYN,1
MARNA,0
MARNEKA,0
MARNESHA,0
MAROLYN,0
MARONDA,0
MARQAVIUS,1
MARQUAIL,1
MARQUAN,1
MARQUE,1
MARQUES,0
MARQUETTE,0
MARQUETTE,1
MARQUILL,0
MARQUINTE,1
MARQUINTEZ,1
MARQUIONA,0
MARQUIS,1
MARQUISE,1
MARQUITA,0
MARQUITTA,0
MARQURIUS,1
MARRIA,0
MARRISSA,0
MARSHA,0
MARSHALL,1
MARSHARIE,0
MARSHEANA,0
MARTA,0
MARTEL,1
MARTELL,1
MARTELLE,1
MARTEZ,1
MARTHA,0
MARTI,0
MARTIE,0
MARTIN,1
MARTINA,0
MARTINE,0
MARTY,0
MARTY,1
MARVA,0
MARVANA,0
MARVELL,1
MARVIN,1
MARVLYN,0
MARWA,0
MARY,0
MARYANN,0
MARYANNE,0
MARYE,0
MARYLAND,0
MARYLEN,0
MARYLIN,0
MARYLUE,0
MARYLYN,0
MARYNA,0
MASHIRA,0
MASHONNA,0
MASON,0
MASON,1
MASOUD,1
MATASHA,0
MATHEW,1
MATHIAS,1
MATISON,0
MATLIN,0
MATT,1
MATTHEW,1
MATTIE,0
MATTPHEW,1
MAUD,0
MAUDE,0
MAUDIE,0
MAURA,0
MAUREEN,0
MAURICE,1
MAURICIO,1
MAVERICK,1
MAX,1
MAXCIE,1
MAXEL,1
MAXIE,1
MAXINE,0
MAXWELL,1
MAY,0
MAYA,0
MAYME,0
MAYNARD,1
MAYRA,0
MAYTHA,0
MCARTHUR,1
MCCALL,0
MCKAYLA,0
MCKENZIE,1
MCKINZY,0
MD,1
MEAGAN,0
MEAGEN,0
MEAGHAN,0
MECHILLE,0
MEFA,0
MEGAN,0
MEGEN,0
MEGHAN,0
MEGON,0
MEHEDI,1
MEHMET,1
MEHRAN,1
MEKAYLA,0
MEKEESHA,0
MEKICIA,0
MEL,1
MELANA,0
MELANEY,0
MELANIE,0
MELBA,0
MELBATINE,0
MELECIO,1
MELESIO,1
MELESSA,0
MELINA,0
MELINDA,0
MELISA,0
MELISAH,0
MELISSA,0
MELISSIA,0
MELITA,0
MELKAMU,1
MELLISSA,0
MELODIE,0
MELODY,0
MELONIE,0
MELONY,0
MELSINE,0
MELVA,0
MELVIE,0
MELVILLE,1
MELVIN,1
MENDY,0
MENU,0
MENZ,1
MERANDA,0
MERCEDES,0
MERCHELL,0
MERCURITA,0
MERCURY,0
MERDINA,0
MEREDITH,0
MEREDYTH,0
MERIANNE,0
MERICE,1
MERIDITH,0
MERINESA,0
MERITA,0
MERLIN,1
MERNA,0
MERRY,0
MERTHA,0
MERYL,0
MESHA,0
MESHIA,0
MIA,0
MIAO-RU,0
MIASHA,0
MICA,0
MICAH,0
MICAH,1
MICARLEE,0
MICCAH,0
MICCOLE,0
MICHA,1
MICHAEL,0
MICHAEL,1
MICHAELA,0
MICHAELYN,0
MICHALA,0
MICHALLE,0
MICHEAL,1
MICHELE,0
MICHELLE,0
MICHIAL,1
MICKAIL,0
MICKEY,0
MICKEY,1
MICOLE,0
MIDGE,0
MIEKA,0
MIESHA,0
MIGUEL,1
MIJANUL,1
MIKA,0
MIKATRA,0
MIKE,1
MIKEAL,1
MIKEDA,0
MIKEL,1
MIKHAELA,0
MIKHAIL,1
MIKI,0
MIKIAL,1
MIKIEA,0
MIKKI,0
MIKYLA,0
MILAS,1
MILDRED,0
MILES,1
MILINDA,0
MILISSA,0
MILLICENT,0
MILLIE,0
MILTON,1
MINDEN,0
MINDY,0
MINERVA,0
MINERVE,0
MINGHUA,0
MINGHUA,1
MINNIE,0
MINOR,1
MIRAKA,0
MIRANDA,0
MIRIAM,0
MIRRANDA,0
MISAEL,1
MISCHA,0
MISHANNA,0
MISS,0
MISSALLY,0
MISSY,0
MISTI,0
MISTILA,0
MISTY,0
MITCHEL,1
MITCHELL,1
MITZI,0
MIYANNA,0
MIYESHA,0
MIYOSHI,0
MOESHA,0
MOHAN,1
MOIRA,0
MOLLIE,0
MOLLY,0
MONA,0
MONEIKA,0
MONEKA,0
MONETTERIA,0
MONI,0
MONICA,0
MONIECA,0
MONIKA,0
MONIQUE,0
MONISA,0
MONITA,0
MONROE,1
MONTANA,1
MONTE,1
MONTERIA,0
MONTERRANCE,1
MONTERREON,1
MONTERRICKA,0
MONTRELL,1
MONTY,0
MONTY,1
MONYCIA,0
MORGAN,0
MORGAN,1
MORIAH,0
MORIEON,1
MORRIS,1
MORRISE,1
MORRISON,1
MORRISSA,0
MORSE,1
MORTEZA,1
MOSE,1
MOSES,1
MOSHELLE,0
MOSTAFA,1
MUHAMMAD,1
MUKESH,1
MULLAHALLI,1
MURAT,1
MURIEL,0
MURLENE,0
MURRAY,1
MYA,0
MYCHAL,0
MYDEANA,0
MYECHIA,0
MYESHA,0
MYHESIA,0
MYIA,0
MYKALA,0
MYKAYLA,0
MYKEICEYA,0
MYKETA,0
MYLEK,1
MYLES,1
MYLITA,0
MYNISSA,0
MYRA,0
MYRANDA,0
MYRELL,0
MYRIKA,0
MYRL,1
MYRNA,0
MYRON,1
MYRTLE,0
MYSTIKA,0
MYSTINA,0
NADIA,0
NADIE,0
NADINE,0
NADRA,0
NAGARAJ,1
NAGASHRI,0
NAIVEEN,0
NAJELLE,0
NAKEIA,0
NAKEIDRA,0
NAKEISHA,0
NAKEITHA,0
NAKESEIA,0
NAKESHA,0
NAKIA,0
NAKISHA,0
NAKITA,0
NAKKIE,0
NALLEY,0
NAME,1
NAMVAR,1
NANCI,0
NANCY,0
NANCYE,0
NANETTE,0
NANNETTE,0
NANNIE,0
NAOMI,0
NAQUILA,0
NARAE,0
NARKISHA,0
NASAYI,1
NASHIKA,0
NASSTACIA,0
NASTASSJA,0
NATALIA,0
NATALIE,0
NATASHA,0
NATASHIA,0
NATESHIA,0
NATHA,0
NATHAN,1
NATHANAEL,1
NATHANIAL,1
NATHANIEL,1
NATISHA,0
NATIVIDAD,0
NATONYA,0
NATOSHA,0
NAVEEN,1
NAWANIA,0
NAZIRAT,0
NEAL,1
NECOLE,0
NED,1
NEDRA,0
NEEDRA,0
NEELY,0
NEIL,1
NEKEBRA,0
NEKEDRIAN,1
NEKNEDA,0
NELDA,0
NELDIA,0
NELL,0
NELLENA,0
NELLIE,0
NELLY,0
NELSON,1
NENA,0
NENG,1
NENO,0
NEONDRA,0
NERI,0
NESBIT,1
NESHAE,0
NETOMA,0
NETRA,0
NEVA,0
NEVELYN,0
NEVEYAN,0
NEVILLE,0
NEWTON,1
NEWTONDREA,0
NGA,0
NGHIA,1
NGOZI,0
NIA,0
NICA,0
NICHOLAS,1
NICHOLAUS,1
NICHOLE,0
NICK,1
NICKEY,1
NICKI,1
NICKIE,0
NICKLAUS,1
NICKOLAS,1
NICKOLAUS,1
NICKOLE,0
NICKY,0
NICKY,1
NICOLA,0
NICOLAS,1
NICOLE,0
NICOLETTA,0
NIKEIL,0
NIKESHA,0
NIKESHIA,0
NIKETA,0
NIKHIL,1
NIKI,0
NIKIA,0
NIKIESHA,0
NIKITA,0
NIKITA,1
NIKKEIA,0
NIKKI,0
NIKKITA,0
NIKLAS,1
NILAH,1
NINA,0
NIOBA,0
NIOKA,0
NIONDA,0
NIRIKA,0
NISHAV,1
NITA,0
NIYA,0
NIYOSHO,0
NIYSHA,0
NOAH,1
NOEL,1
NOLA,0
NOLAN,1
NONA,0
NORA,0
NORENE,0
NORINE,0
NORKESHA,0
NORMA,0
NORMAN,1
NORMESHA,0
NORRIS,1
NORVELL,1
NOTOREAUNA,0
NUKOL,0
NUNDLALA,1
NURZUHAL,0
NYDRA,0
NYKOYAH,0
NYREE,0
NYTISHA,0
NY'TORIA,0
OAKLEY,1
OBY,0
OCIE,0
OCIE,1
OCTAVIA,0
OCTAVIOUS,1
ODDEY,1
ODELL,1
ODIS,1
OKSANA,0
OLA,0
OLAN,1
OLAND,1
OLAPEJU,0
OLAWUNMI,0
OLDERNS,1
OLEN,1
OLGA,0
OLIVER,1
OLIVIA,0
OLLIE,0
OMARRIAN,1
OME,0
OMER,1
OMETRA,0
OMIA,0
OMIE,0
ONEKIA,0
ONEQUA,0
ONESSA,0
ONIKA,0
ONISHA,0
ONITA,0
ONNAFAY,0
ONTARIO,1
ONTEAKA,0
ONTRAIA,1
OPAL,0
OPHAL,0
OPHELIA,0
OREAL,0
OREN,1
ORETTA,0
ORIN,1
ORLANDO,1
ORRIVLE,1
ORVIL,1
ORVILLE,1
ORVUS,1
OSCAR,1
OSHANEIA,0
OSIRIS,1
OSSIE,0
OTHA,1
OTIS,1
OTISTENE,0
OTTIE,1
OTTO,1
OVERTON,1
OWEN,1
OZELL,1
PA,0
PADDY,1
PADEN,1
PAGE,0
PAGE,1
PAIGE,0
PAKITA,0
PAM,0
PAMALA,0
PAMELA,0
PAMELIA,0
PAMELLA,0
PAMLIR,0
PAMMY,0
PANSY,0
PAOLA,0
PARIS,1
PARKER,1
PARNEISHA,0
PARRIS,0
PARTICIA,0
PASCAL,1
PAT,0
PATIENCE,0
PATRECE,0
PATRENNA,0
PATRIC,1
PATRICA,0
PATRICE,0
PATRICEE,0
PATRICIA,0
PATRICK,1
PATRINA,0
PATRISHA,0
PATRYCE,0
PATSIE,0
PATSY,0
PATTI,0
PATTIE,0
PATTY,0
PAUL,1
PAULA,0
PAULETTA,0
PAULETTE,0
PAULETTER,0
PAULINA,0
PAULINE,0
PAYTON,0
PAYTON,1
PEACHIE,0
PEARL,0
PEARLIE,0
PEARLINE,0
PEBBLES,0
PEDRO,1
PEGGIE,0
PEGGY,0
PEIDRA,0
PEIGHTON,0
PEK,0
PELESIA,0
PELMA,0
PENELOPE,0
PENG,1
PENNY,0
PEPPER,0
PERCELL,0
PERCY,1
PERI,0
PERKINS,1
PERLA,0
PERQUITA,0
PERREESE,0
PERRY,1
PETER,1
PETRA,0
PEYTON,0
PHAEDRA,0
PHALIA,0
PHEBEE,0
PHELIX,1
PHIL,1
PHILICITY,0
PHILIP,1
PHILLICIA,0
PHILLIP,1
PHISHON,1
PHLECIA,0
PHOEBE,0
PHOUA,0
PHYLLIS,0
PIA,0
PIERRE,1
PING,0
PINGHUI,0
PINKIE,0
PINKY,0
PIPER,0
POLLY,0
POLLYANNA,0
PONCHITTA,0
PORCHE,0
PORCHIA,0
PORFIRIO,1
PORNPRAPAI,0
PORSHA,0
PORTIA,0
PORTLAND,0
PRACHUAB,1
PRADEEP,1
PRASANTHI,0
PRECIOUS,0
PRESELFANNIE,0
PRESTON,1
PRICILLA,0
PRINCES,0
PRINCESS,0
PRINCINIA,0
PRISCA,0
PRISCILLA,0
PRIYADARSHIN,0
PUI,0
QIANA,0
QIWEI,1
QUAINA,0
QUANISHA,0
QUANTIA,0
QUARNICIA,0
QUARTEZ,1
QUARTIA,0
QUEEN,0
QUEENIESHA,0
QUENDELAKA,0
QUENTIN,1
QUENTON,1
QUIANA,0
QUINCY,0
QUINCY,1
QUINEKIA,0
QUINETTE,0
QUINITA,0
QUINN,0
QUINNLYN,0
QUINNTINA,0
QUINTESSA,0
QUINTIN,1
QUINTINA,0
QUINTISHA,0
QUINTON,1
QUINYATTA,0
QUIONNESHA,0
QUITA,0
QUJETTE,0
QUOLONDON,1
QUONTA,0
QUOVATRIS,0
QUSHAWNA,0
QUSHONA,0
RACHAEL,0
RACHEAL,0
RACHEL,0
RACHELLA,0
RACHELLE,0
RADAWN,0
RAE,0
RAEANNE,0
RAEGAN,0
RAEGAN,1
RAELANA,0
RAESHUNNA,0
RAFAEL,1
RAGEN,0
RAGIE,1
RAHIMI,1
RAIGAN,0
RAILEN,0
RAILEY,0
RAINA,0
RAINE,1
RAINEY,0
RAISA,0
RAJA,0
RAJAN,1
RAKAI,0
RAKARA,0
RAKEEM,1
RAKHEM,1
RALEIGH,1
RALENN,0
RALPH,1
RAMAKRISHNA,1
RAMESH,1
RAMIE,0
RAMON,1
RAMONA,0
RAMONE,1
RANAE,0
RANAYE,0
RANCHARESE,0
RANDAL,1
RANDALL,1
RANDEE,0
RANDEL,1
RANDI,0
RANDOLPH,1
RANDY,0
RANDY,1
RANEE',0
RANELLE,0
RANETTA,0
RANISHIA,0
RAQUEISHA,0
RAQUEL,0
RARSHEDA,0
RASHAD,1
RASHANEA,0
RASHARA,0
RASHEEDAH,0
RASHIDAH,0
RASHONDA,0
RASMITA,0
RATHA,0
RAUL,1
RAUNONA,0
RAVEEN,0
RAVEN,0
RAVEN,1
RAVIN,0
RAVION,0
RAVYN,0
RAVYNN,0
RAY,1
RAYANN,0
RAYBURN,1
RAYCHEL,0
RAYDESHA,0
RAYE,0
RAYLINA,0
RAYMON,1
RAYMOND,1
RAYMUNDO,1
RAYNA,0
RAYNARD,1
RAYNEISHA,0
RAYNI,0
RAYVIOUS,1
REA,0
READ,1
REAGAN,0
REANARD,1
REANITA,0
REANNA,0
REBA,0
REBAKAH,0
REBECCA,0
REBECKAH,0
REBEKAH,0
REBEL,0
RECINDA,0
RECO,1
REDA,0
REDAWYN,0
REDDA,0
REDONDA,0
REECE,1
REENA',0
REGAN,0
REGENA,0
REGENIA,0
REGGIE,1
REGINA,0
REGINALD,1
REGINE,0
REGINIA,0
REGINNA,0
REGIS,1
REHA,1
REID,1
RELAUNDA,0
REMINGTON,1
REMONA,0
RENA,0
RENAE,0
RENATA,0
RENE,0
RENEA,0
RENEE,0
RENEEA,0
RENI,0
RENIKA,0
RENITA,0
RENJITH,1
RENWICK,1
REQUISHA,0
REQUITA,0
RESA,0
RESHEDIA,0
RESMI,0
RETHA,0
REUBEN,1
REVA,0
REVIS,1
REVONNA,0
REX,1
REYNA,0
REYNALDO,1
REYNOLDS,1
RHEE,1
RHELDA,0
RHETA,0
RHETT,1
RHODA,0
RHODRICK,1
RHONDA,0
RHONIA,0
RHOSHEDA,0
RHYS,1
RIAN,0
RIANNA,0
RICARDO,1
RICCI,0
RICHARD,1
RICHAWNDA,0
RICHELLE,0
RICK,1
RICKEAL,0
RICKENA,0
RICKEY,1
RICKI,0
RICKI,1
RICKIE,1
RICKITHA,0
RICKY,1
RICO,1
RICODARO,1
RICONDA,0
RICQUILA,0
RIK,1
RIKI,0
RIKKI,0
RILEY,0
RILEY,1
RISA,0
RISHA,0
RITA,0
RITCHIE,1
RIVA,0
RIVER,1
ROB,1
ROBBI,0
ROBBIE,0
ROBBIE,1
ROBBIN,1
ROBBY,1
ROBERT,0
ROBERT,1
ROBERTA,0
ROBERTO,1
ROBIN,0
ROBIN,1
ROBLEO,1
ROBLEY,0
ROBYN,0
ROBYNE,0
ROCHELLE,0
ROCK,1
ROCKY,1
ROD,1
RODDY,1
RODERICK,1
RODEY,1
RODGER,1
RODNEIA,0
RODNEY,1
RODREIKA,0
RODRICH,1
RODRICK,1
RODRIGO,1
RODRIGUES,1
ROGAN,1
ROGENA,0
ROGER,1
ROGERIC,1
ROHAN,1
ROKEISHA,0
ROLAND,1
ROLANDA,0
ROLLIE,1
ROMALIS,1
ROMAN,1
ROMEISIA,0
ROMMIE,1
RON,1
RONALD,1
RONDA,0
RONESHA,0
RONETHA,0
RONI,0
RONICA,0
RONIQUE,0
RONISHIA,0
RONITA,0
RONNA,0
RONNI,0
RONNIE,0
RONNIE,1
RONNY,1
RONTERIO,1
ROOSEVELT,1
RORICKA,0
RORY,1
ROSA,0
ROSALEE,0
ROSALIA,0
ROSALIE,0
ROSALIND,0
ROSALINDA,0
ROSALYN,0
ROSALYNN,0
ROSANNA,0
ROSAURA,0
ROSE,0
ROSEANN,0
ROSEANNA,0
ROSEANNE,0
ROSELYN,0
ROSELYNN,0
ROSEMARIE,0
ROSEMARY,0
ROSETTA,0
ROSHA,1
ROSHADA,0
ROSHANDA,0
ROSHANE,1
ROSHAUNDA,0
ROSHELLE,0
ROSHINI,0
ROSHONDA,0
ROSHUNDA,0
ROSHURN,0
ROSIA,0
ROSIE,0
ROSIEANNA,0
ROSILYN,0
ROSLA,0
ROSLIN,0
ROSS,1
ROSSINA,0
ROSSLYN,0
ROSYN,0
ROTUNDA,0
ROWAN,1
ROWENA,0
ROXANNA,0
ROXANNE,0
ROXIE,0
ROY,0
ROY,1
ROYCE,1
ROYCELYN,0
ROYLANA,0
ROZELLE,1
ROZENE,0
ROZETTA,0
ROZLAR,0
RUBEN,1
RUBY,0
RUDOLPH,1
RUDRECIA,0
RUDY,1
RUENDI,1
RUFUS,1
RUI,1
RUNDIA,0
RUNGE,1
RUPA,0
RUSHELLE,0
RUSS,1
RUSSELL,0
RUSSELL,1
RUSSHONIA,0
RUSTIN,1
RUSTON,1
RUSTY,0
RUSTY,1
RUTH,0
RUTHANN,0
RUTHIE,0
RYAN,0
RYAN,1
RYANT,1
RYNA,0
RYNE,1
RYON,1
SABA,0
SABLE,0
SABRA,0
SABREANA,0
SABRENA,0
SABRINA,0
SADIE,0
SAFONDRA,0
SAHRA,0
SAIGE,0
SAIYED,1
SALENA,0
SALIHA,0
SALINA,0
SALLIE,0
SALLY,0
SALOME,0
SALUTA,0
SAM,1
SAMANTHA,0
SAMIR,0
SAMIR,1
SAMIRA,0
SAMMIE,0
SAMMIE,1
SAMMY,1
SAMONA,0
SAMONE,0
SAMSON,1
SAMUAL,1
SAMUEL,0
SAMUEL,1
SANCHA,0
SANCHEZ,0
SANDHYA,0
SANDI,0
SANDON,1
SANDRA,0
SANDRAE,0
SANDREL,0
SANDULA,0
SANDY,0
SANFORD,1
SANJUANA,0
SANPREET,0
SANTANA,0
SANTASHA,0
SANTHOSHREDDY,1
SANTIAGO,1
SANTRICE,0
SAOWALUCK,0
SARA,0
SARAH,0
SARAJ,0
SARAYLA,0
SARITA,0
SASHA,0
SASHARA,0
SATORIE,0
SAUL,1
SAUNDRA,0
SAVANAH,0
SAVANNA,0
SAVANNAH,0
SAVONTA,0
SCARLETT,0
SCARLETTE,0
SCHAFER,1
SCHALANA,0
SCHARRELLE,0
SCHARVUNDRICK,1
SCOT,1
SCOTT,0
SCOTT,1
SCOTTIE,0
SCOTTIE,1
SCOTTY,1
SCOTTYE,0
SEAN,1
SEANA,0
SEARCY,1
SEASON,0
SEAVIA,0
SEBAHATE,0
SEBRINA,0
SECCER,1
SEDRICK,1
SELAH,0
SELENA,0
SELETA,0
SELETIA,0
SELETTA,0
SELINA,0
SELMA,0
SELU,1
SELVIN,1
SEMONE,0
SENDRA,0
SENNA,0
SEQUELLA,0
SEQUITA,0
SEQUOIA,0
SERENA,0
SERGIO,1
SERPIL,0
SERRITA,0
SESARIO,1
SETH,1
SEVELTA,1
SEYANNA,0
SHA,0
SHABRAE,0
SHACARI,0
SHAD,1
SHADAWN,0
SHADAYJA,0
SHAE,0
SHAFAE,0
SHAITALIA,0
SHAJUANA,0
SHAKALA,0
SHAKARI,0
SHAKEDRA,0
SHAKEENA,0
SHAKERAH,0
SHAKEYSHA,0
SHAKIA,0
SHAKINIA,0
SHAKIRA,0
SHAKITA,0
SHAKOYIA,0
SHALA,0
SHALADA,0
SHALAH,0
SHALAWN,0
SHALEA,0
SHALIA,0
SHALINI,0
SHALISA,0
SHALLA,0
SHALON,0
SHALONDA,0
SHALOTTA,0
SHAMBRY,0
SHAMECA,0
SHAMECKA,0
SHAMEEKA,0
SHAMEIKA,0
SHAMEKA,0
SHAMELLA,0
SHAMIA,0
SHAMIKA,0
SHAMIKAH,0
SHAMILA,0
SHAMITRIA,0
SHAMON,0
SHANA,0
SHANADRIAN,0
SHANAE,0
SHANAREE,0
SHANDALE,0
SHANDI,0
SHANDRA,0
SHANE,1
SHANEE,0
SHANEIKA,0
SHANEKA,0
SHANEKIA,0
SHANEL,0
SHANELL,0
SHANELLE,0
SHANEN,1
SHANEQUA,0
SHANEQUE,0
SHANESHA,0
SHANESSA,0
SHANETHA,0
SHANETTA,0
SHANIA,0
SHANICE,0
SHANIECE,0
SHANIELLE,0
SHANIESE,0
SHANIESHA,0
SHANIKA,0
SHANIQUA,0
SHANISHA,0
SHANITA,0
SHANNA,0
SHANNALIN,0
SHANNAN,0
SHANNEN,0
SHANNIAN,0
SHANNON,0
SHANNON,1
SHANON,0
SHANQUITA,0
SHANRIKA,0
SHANTA,0
SHANTE,0
SHANTELLA,0
SHANTERIKA,0
SHANTINA,0
SHAPAN,0
SHAQUETA,0
SHAQUIEL,0
SHAQUILLA,0
SHAQUILLE,1
SHAQUITA,0
SHARADA,0
SHARALEE,0
SHARBRODRIC,1
SHARDAE,0
SHARDAYE,0
SHARDE',0
SHAREKA,0
SHAREKIA,0
SHARELL,0
SHARELLE,0
SHARESA,0
SHARESE,0
SHARETHA,0
SHARETTA,0
SHARHONDA,0
SHARI,0
SHARICO,0
SHARIKA,0
SHARITA,0
SHARJUANA,0
SHARKARA,0
SHARL,0
SHARLEE,0
SHARLENE,0
SHARLYN,0
SHARNE,0
SHARNEA,0
SHARNESHA,0
SHARNISE,0
SHAROD,1
SHARON,0
SHARON,1
SHARONDA,0
SHARONICA,0
SHARRA,0
SHARRI,0
SHARRON,0
SHASTA,0
SHA'TARA,0
SHATERICA,0
SHATERRICA,0
SHA'TINA,0
SHAUN,0
SHAUN,1
SHAUNA,0
SHAUNDA,0
SHAUNTA,0
SHAUNTAY,0
SHAVON,0
SHAVONA,0
SHAVONDA,0
SHAWANA,0
SHAWANNA,0
SHAWN,0
SHAWN,1
SHAWNA,0
SHAWNDA,0
SHAWNDELLA,0
SHAWNESSI,0
SHAWNESSY,0
SHAWNKEE,1
SHAWN-LUC,1
SHAWNNA,0
SHAY,0
SHAY,1
SHAYDEE,0
SHAYLA,0
SHAYLON,0
SHAYNA,0
SHEA,0
SHEA,1
SHEAD,1
SHEENA,0
SHEEREEN,0
SHEILA,0
SHELANDA,0
SHELBA,0
SHELBI,0
SHELBIE,0
SHELBY,0
SHELBY,1
SHELBYE,0
SHELCIA,0
SHELIA,0
SHELISA,0
SHELITA,0
SHELLEY,0
SHELLI,0
SHELLIE,0
SHELLY,0
SHELLYANN,0
SHELMELA,0
SHELTON,1
SHELVEY,0
SHEM,1
SHEMARIAH,0
SHEMEKA,0
SHEMEKIA,0
SHEMIKA,0
SHEMIRACLE,0
SHENA,0
SHENANDOAH,0
SHENAYE,0
SHENE',0
SHENEATHA,0
SHENEKA,0
SHENEQUA,0
SHENETTA,0
SHENETTE,0
SHENIKA,0
SHENNA,0
SHEREA,0
SHEREE,0
SHEREESE,0
SHERELL,0
SHERHONDA,0
SHERI,0
SHERIAN,0
SHERICE,0
SHERICKA,0
SHERIDAN,0
SHERIKA,0
SHERIL,1
SHERILYN,0
SHERION,0
SHERITA,0
SHERLEY,0
SHERLYN,0
SHERMAINE,0
SHERMAN,1
SHERMISH,0
SHERNIKA,0
SHERON,0
SHERONDA,0
SHERONICA,0
SHERRA,0
SHERRAN,0
SHERRE,0
SHERREL,0
SHERREY,0
SHERRI,0
SHERRICE,0
SHERRIE,0
SHERRIL,0
SHERRILL,0
SHERRILL,1
SHERROD,1
SHERRY,0
SHERRYE,0
SHERYL,0
SHEVEEKA,0
SHIAMAYIA,0
SHIATEIRRA,0
SHIELA,0
SHIKITA,0
SHILOH,0
SHILPA,0
SHIRA,0
SHIREY,0
SHIRKELLA,0
SHIRLEY,0
SHIRLEYANN,0
SHIRON,0
SHISEIDO,0
SHJIRO,1
SHOAN,1
SHONCKIA,0
SHONDA,0
SHONDRA,0
SHONDREAKA,0
SHONDRIQUE,0
SHONEQUA,0
SHONNA,0
SHONTAY,0
SHONTRECE,0
SHONTRELL,0
SHORANDO,0
SHORTY,0
SHOUWAN,0
SHUMEKA,0
SHUNDREKA,0
SHUNKELIA,0
SHUNTE',0
SHUNTRICE,0
SHURREL,0
SHURUN,1
SHUVONNE,0
SHWETA,0
SHYCANNA,0
SHYNETHIA,0
SHYNETTE,0
SHYREEN,0
SHYROME,1
SHYTIRRA,0
SIDNEY,1
SIDRA,0
SIEFUS,1
SIERNNA,0
SIERRA,0
SIEWLEE,0
SIGURNEY,0
SILAH,1
SIM,1
SIMIKIO,0
SI'MONE,0
SIMONE,0
SIMPSON,1
SIOBHAN,0
SIQI,0
SIRENA,0
SIRMUD,1
SIVAKAMY,0
SKIDASHA,0
SKOCHU,0
SKOT,1
SKYE,0
SKYLA,0
SKYLAR,0
SKYLER,1
SKY-LYNN,0
SLADE,1
SLAVICA,0
SLOANE,0
SOBRENA,0
SOLANA,0
SOLEDAD,0
SOLOMON,1
SOMMER,0
SONDRA,0
SONIA,0
SONJA,0
SONNY,1
SONTYNA,0
SONYA,0
SORAYA,0
SPARKIE,0
SPENCER,0
SPENCER,1
SPENSER,1
SRIYANI,0
SRUTHI,0
STACEE,1
STACEY,0
STACEY,1
STACI,0
STACIA,0
STACIE,0
STACY,0
STACY,1
STAFAUN,1
STAISHA,0
STANCIE,0
STANISHA,0
STANLEY,1
STANZER,1
STAR,0
STARLA,0
STARLISHA,0
STASE,0
STASIA,0
STEADMAN,1
STEEDRIC,1
STEELY,0
STEFAN,1
STEFANI,0
STEFANIE,0
STEFEN,1
STEFFANIE,0
STELLA,0
STELLANDA,0
STEPHANI,0
STEPHANIE,0
STEPHANNE,0
STEPHANY,0
STEPHEN,1
STEPHENI,0
STEPHENIE,0
STEPHINESE,0
STEPHON,1
STERLING,1
STETSON,1
STEVE,1
STEVEN,1
STEVI,0
STEVIE,0
STEWART,1
STEWERT,1
STORMIE,0
STORMMIE,0
STORMY,0
STORMY,1
STUART,1
SUANNE,0
SUBRENA,0
SUDHA,0
SUE,0
SUEHA,0
SUELLEN,0
SUMMARH,0
SUMMER,0
SUNDEE,0
SUNKASHA,0
SUNNI,0
SUNNIE,0
SUNNY,0
SUSAN,0
SUSANNA,0
SUSANNAH,0
SUSANNE,0
SUSIE,0
SUZAN,0
SUZANNA,0
SUZANNE,0
SUZIE,0
SUZZANE,0
SWANDONNA,0
SWANNEE,1
SWAZY,1
SWEE,0
SYBIL,0
SYDERRICK,1
SYDNEE,0
SYDNEY,0
SYDNEY,1
SYED,1
SYLVESTER,1
SYLVIA,0
SYLVIALENE,0
SYNDARIEN,1
SYNEDRA,0
SYNITRIOUS,0
SYNTHIA,0
SYREETA,0
SYRETHA,0
SYRETTA,0
SYRNA,0
SZYMANSKI,1
TABATHA,0
TABBETHA,0
TABER,1
TABETHA,0
TABITHA,0
TACARRA,0
TACHINA,0
TACI,1
TACOMCY,0
TACONYA,0
TAD,0
TADD,1
TAFARRA,0
TAGGERT,1
TAHLEIGH,0
TAHMID,1
TAIWA,0
TAIWANA,0
TAIWON,1
TAJA,0
TAJEE,0
TAKAYLA,0
TAKEEM,1
TAKEESHA,0
TAKEISHA,0
TAKELIA,0
TAKELLIA,0
TAKEYA,0
TAKEYSHA,0
TAKIA,0
TAKIRA,0
TAKISHIA,0
TAKYLA,0
TAKYSHA,0
TALARISHA,0
TALELA,0
TALETHA,0
TALISA,0
TALISHA,0
TALUANA,0
TALUN,1
TAMALA,0
TAMALINA,0
TAMARA,0
TAMARACUS,1
TAMARCUS,1
TAMBRA,0
TAMECA,0
TAMEIKA,0
TAMEKA,0
TAMEKIA,0
TAMELA,0
TAMERA,0
TAMERIA,0
TAMERINE,0
TAMI,0
TAMIA,0
TAMIAE,0
TAMICA,0
TAMIE,0
TAMIKA,0
TAMIKO,0
TAMISHA,0
TAMITHA,0
TAMMARA,0
TAMMELA,0
TAMMERA,0
TAMMI,0
TAMMIE,0
TAMMIE-SUE,0
TAMMULA,0
TAMMY,0
TAMORA,0
TAMRA,0
TAMRAH,0
TAMREN,0
TAMYE,0
TAMYRA,0
TANA,0
TANAGELA,0
TANDI,0
TANEIKA,0
TANEKA,0
TANELL,0
TANELLE,0
TANESHA,0
TANESHIA,0
TANGANIKA,0
TANGELA,0
TANGELIA,0
TANGIE,0
TANGULIA,0
TANI,0
TANIESHA,0
TANISHA,0
TANITA,0
TANJA,0
TANNEA,0
TANNER,0
TANNER,1
TANTISHA,0
TANYA,0
TANYAKA,0
TANYE,0
TANZETTA,0
TAQUEESHALLYN,0
TAQUERIA,0
TARA,0
TARA,1
TARANEISHA,0
TAREK,1
TARENCE,1
TARI,0
TARIC,1
TARLISHA,0
TARONDALETTE,0
TARRELL,1
TARSHIA,0
TARVARIUS,1
TARYN,0
TASCHA,0
TASHA,0
TASHALIA,0
TASHARA,0
TASHAUNA,0
TASHAWNA,0
TASHAYLA,0
TASHEARA,0
TASHENNA,0
TASHIA,0
TASHIEKA,0
TASHOR,0
TASIA,0
TATIA,0
TATIYANA,0
TATRINA,0
TATYANA,0
TAUANAR,0
TAUNIA,0
TAUNY,0
TAUNYA,0
TAURA,0
TAUREEN,1
TAUSHA,0
TAVARSHIA,0
TAVARUS,1
TAVENYA,0
TAVIA,0
TAVYN,0
TAWANDA,0
TAWANNA,0
TAWNIE,0
TAWNY,0
TAY,1
TAYA,0
TAYLER,0
TAYLOR,0
TAYLOR,1
TAZWELL,1
TEAIRA,0
TEANNA,0
TEASA,0
TEAUNKA,0
TECOLIA,0
TED,1
TEFFINEY,0
TEHRINA,0
TEIA,0
TEIJA,0
TEILER,0
TEKEILA,0
TEKELIA,0
TEKETHA,0
TEKEYSHA,0
TEKILA,0
TEKYUS,1
TELESIA,0
TELICIA,0
TELISHA,0
TELLY,1
TELYSHIA,0
TEMEKA,0
TEMETRIA,0
TEMICA,0
TEMPE,0
TEMRE,0
TENA,0
TENEICE,0
TENEKA,0
TENENNA,0
TENESHA,0
TENESHIA,0
TENIA,0
TEONIA,0
TERA,0
TEREASA,0
TEREL,0
TERENCE,1
TERESA,0
TERESEA,0
TERESSA,0
TERETHA,0
TERI,0
TERINA,0
TERITA,0
TERRA,0
TERRAH,0
TERRAL,1
TERRANCE,1
TERRELL,1
TERRELLE,0
TERRELYN,0
TERRENCE,0
TERRENCE,1
TERREONDRICK,1
TERRESA,0
TERRESSA,0
TERREZ,1
TERRI,0
TERRICA,0
TERRIE,0
TERRIKA,0
TERRILL,1
TERRILYN,0
TERRITHA,0
TERRLYN,0
TERRY,0
TERRY,1
TERRYL,1
TERYN,1
TESLA,0
TESS,0
TESSA,0
TESSIE,0
TEVIN,1
TEVIS,1
TFC,0
TFC,1
THADDEUS,1
THAI,0
THALE,1
THALEA,0
THAMAINE,1
THANE,1
THEA,0
THEKLA,0
THELDA,0
THELMA,0
THENA,0
THEO,1
THEODIES,1
THEODIS,1
THEODORE,1
THEON,1
THEOPHILUS,1
THEOPLIS,1
THERAN,1
THERESA,0
THERESE,0
THERESIA,0
THERESSA,0
THERMAN,1
THESIA,0
THIAGO,1
THOM,1
THOMAS,1
THOMASENA,0
THOMASINE,0
THRESA,0
THRESIA,0
THUREL,1
THURL,1
THURMAN,1
THURSTON,1
TIA,0
TIANA,0
TIANNA,0
TIANTHA,0
TIARA,0
TIARRA,0
TIAYANA,0
TICAMERIA,0
TICHE',0
TIEFFA,0
TIERANY,0
TIERNEY,0
TIESHA,0
TIFFANE,0
TIFFANEY,0
TIFFANI,0
TIFFANIE,0
TIFFANY,0
TIFFANYE,0
TIFFIN,0
TIFFINY,0
TIFHANY,0
TIFINIE,0
TIJUANA,0
TILIA,0
TILLMAN,1
TIM,1
TIMBERLY,0
TIMBUYA,0
TIMESHA,0
TIMMIE,1
TIMMY,1
TIMORA,0
TIMOTHY,1
TINA,0
TINESHA,0
TIPHANIE,0
TISA,0
TISHIA,0
TITONIA,0
TIYANIKA,0
TJ,1
TJADER,1
T'KEYAH,0
T'NESHA,0
TOBI,0
TOBIN,1
TOBY,1
TOCCARA,0
TODD,1
TODDERA,0
TODRICK,1
TOLLEA,0
TOLLECE,0
TOLLIECE,0
TOM,1
TOMAKA,0
TOMANIKA,0
TOMEKA,0
TOMEKIA,0
TOMESHA,0
TOMETTA,0
TOMIKA,0
TOMISHA,0
TOMMEYA,0
TOMMIE,0
TOMMIE,1
TOMMY,0
TOMMY,1
TOMORROW,0
TOMPS,1
TOMYKA,0
TONDA,0
TONEIKA,0
TONEKA,0
TONESHA,0
TONEY,1
TONI,0
TONIA,0
TONIE,0
TONIESHA,0
TONISHA,0
TONITTE,0
TONJA,0
TONJADREAKIA,0
TONJI,0
TONMOY,1
TONNIE,1
TONY,1
TONYA,0
TONYE,0
TOPEKA,0
TORA,0
TORESSA,0
TOREY,1
TORI,0
TORIE,0
TORNESHA,0
TORREY,1
TORRI,0
TORRY,1
TORY,0
TORY,1
TOSHA,0
TOSHONA,0
TOSHYA,0
TOY,0
TOYEA,0
TOYIA,0
TOYUNA,0
TPR.,0
TPR.,1
TRACEY,0
TRACEY,1
TRACI,0
TRACIE,0
TRACY,0
TRACY,1
TRACYE,0
TRADARIUS,1
TRAFTON,1
TRALUS,1
TRAMAINE,0
TRAVEON,1
TRAVEUS,1
TRAVIS,0
TRAVIS,1
TRAVITA,0
TRAVONDA,0
TRAWANDA,0
TRAWN,0
TRAYC,0
TRAYCE,1
TRAYVEON,1
TRAYVION,1
TREASURE,0
TRECIA,0
TREDA,0
TREKISHA,0
TRELLA,0
TREMAINE,1
TREMEKA,0
TRENA,0
TRENCE,1
TRENDELL,1
TRENIA,0
TRENISE,0
TRENT,1
TRENTELL,1
TRENTON,1
TREPAGNIER,0
TRESA,0
TRESHA,0
TRESSA,0
TRESSIE,0
TREVA,0
TREVAR,1
TREVIS,1
TREVOR,1
TREY,1
TREYVION,1
TRIA,0
TRICA,0
TRICHITA,0
TRICIA,0
TRIDENA,0
TRIKINA,0
TRINA,0
TRINICE,0
TRINIDAD,0
TRINITY,0
TRINITY,1
TRINKA,0
TRISA,0
TRISHA,0
TRISTA,0
TRISTAN,0
TRISTAN,1
TRISTEN,1
TRISTIN,1
TRISTY,0
TRIXIE,0
TROY,1
TROYLONDA,0
TRUDI,0
TRUDY,0
TRUETT,1
TRUITT,1
TRULEY,1
TRUMAN,1
TRYSILAR,0
TSAI,0
TSEQUILLA,0
TUESDAY,0
TUNISHA,0
TWANA,0
TWANDA,0
TWANDRIA,0
TWANISA,0
TWILA,0
TWONA,0
TWYANA,0
TWYLA,0
TY,1
TYCARIUS,1
TYCE,1
TYEASHIA,0
TYESHA,0
TYFFANNY,0
TYJUANA,0
TY'JUNIA,0
TYKEIRA,0
TYLER,0
TYLER,1
TYMBERLY,0
TYMEIKA,0
TYMLI,0
TYMOTHE,1
TYNA,0
TYNESHA,0
TYNIESHIA,0
TYNR,1
TYQUARIUS,1
TYRA,0
TYREA,0
TYREN,1
TYRESIA,0
TYRIA,0
TYRONDA,0
TYRONE,1
TYRONZA,0
TYRUS,1
TYSA,0
TYSHIQUE,0
TYWAN,0
TYWANIA,0
TYWANNA,0
UDANA,0
UDELL,1
UNDRA,1
UNDRAY,0
UNDREA,1
UNIQUE,0
URSULA,0
USHA,0
UTAHANA,0
UTE,0
UVALDE,1
UZMA,0
VADA,0
VAKEYIA,0
VAL,0
VAL,1
VALA,0
VALANCIA,0
VALARIE,0
VALEECIA,0
VALENCIA,0
VALENTIN,1
VALENTINE,1
VALERIA,0
VALERIE,0
VALINDA,0
VALLYN,0
VALTRICE,0
VAN,1
VANDELL,1
VANDORA,0
VANEESA,0
VANESHIA,0
VANESLA,0
VANESSA,0
VANITA,0
VANNESSA,0
VANQUISHA,0
VARINA,0
VARN,1
VARNARIA,0
VARNELL,0
VARNELL,1
VARSHUN,0
VASHITA,0
VASHTI,0
VEATRICE,0
VELDA,0
VELECIA,0
VELICIA,0
VELMA,0
VENADA,0
VENAYE,0
VENDERRA,1
VENEDIA,0
VENEINE,0
VENESSA,0
VENIDA,0
VENISHA,0
VENITA,0
VENNIE,0
VENTRICA,1
VENUS,0
VEODIS,1
VERA,0
VERCEDES,0
VERDETT,1
VERITY,0
VERLENE,0
VERLETTA,0
VERLIN,1
VERMARSHA,0
VERNA,0
VERNADEAN,0
VERNEDIA,0
VERNELL,0
VERNEST,1
VERNICE,0
VERNISHA,0
VERNITA,0
VERNON,1
VERONICA,0
VERSIE,0
VESTAL,0
VESTAS,0
VETIS,0
VICCI,0
VICI,0
VICKEY,0
VICKI,0
VICKIE,0
VICKIE,1
VICKY,0
VICTOR,1
VICTORIA,0
VIKKI,0
VILMA,0
VINCE,1
VINCENT,1
VINESHIA,0
VINITHA,0
VIOLA,0
VIOLET,0
VIRA,0
VIRGETINA,0
VIRGIA,0
VIRGIE,0
VIRGIE,1
VIRGIL,1
VIRGINIA,0
VITO,1
VIVIAN,0
VIVIANA,0
VOLITA,0
VONDA,0
VONGRETCHEN,0
VONNESIA,0
VONSHEILA,0
VONYA,0
VU,1
WADE,1
WAI,0
WALID,1
WALLACE,1
WALT,1
WALTER,0
WALTER,1
WALTON,1
WANDA,0
WANDERLANE,0
WANZER,0
WARD,1
WARDELL,0
WARDELL,1
WARNER,1
WARREN,1
WARRINGTON,1
WARWICK,1
WAUKYNA,0
WAVELON,1
WAVERLY,1
WAYLAN,1
WAYLON,1
WAYMAN,1
WAYMON,1
WAYMOND,1
WAYNE,1
WEDNESDAY,0
WEIGUO,1
WENDELL,1
WENDELYNE,0
WENDI,0
WENDOL,1
WENDOLYN,0
WENDY,0
WES,1
WESLEY,0
WESLEY,1
WESLY,1
WESS,1
WESTINA,0
WESTON,1
WHITLEY,0
WHITNEY,0
WHITNEY,1
WHITNI,0
WHITNIE,0
WHITTANY,0
WHITTNEY,0
WIGHTMAN,1
WILBERT,0
WILBERT,1
WILBURN,1
WILETTA,0
WILEY,1
WILFORD,1
WILFRED,1
WILL,1
WILLA,0
WILLANA,0
WILLARD,1
WILLIAM,0
WILLIAM,1
WILLIAMS,1
WILLIBEY,1
WILLIE,0
WILLIE,1
WILLIS,1
WILLMA,0
WILMA,0
WILSA,0
WINBURN,1
WINDELL,1
WINFRED,1
WINONA,0
WINSTON,1
WINTER,0
WJ,1
W.M.,1
WONDA,0
WONDER,0
WOODROW,1
WOODY,1
WOZELL,1
WROTEN,1
WYETH,1
WYLEAH,0
WYLETTA,0
WYLIE,1
WYNOLA,0
WYNOSIA,0
XAVIER,1
XAVIERA,0
XAVION,1
XIANG,0
XIAOYAN,0
XIUMEI,0
XOLLIE,0
XUYANG,1
XYLINA,0
XZAVIER,1
YADIRA,0
YAKIMA,0
YAKIRA,0
YALANDA,0
YALONDA,0
YAMEKA,0
YAMINAH,0
YANCY,1
YANG,0
YANNICK,1
YASMINE,0
YELENA,0
YELONDA,0
YENID,0
YESSENIA,0
YESSICA,0
YETU,1
YEVONNE,0
YEWEI,1
YMEKA,0
YOLANDA,0
YOLANDE,0
YOLANDRA,0
YOLONDA,0
YONG,0
YONGSHENG,1
YOSHA,0
YOSHIKO,0
YOSIDA,1
YOTINA,0
YOUNG,1
YOUREE,0
YOVONDRA,0
YULI,0
YULINDA,0
YULISSA,0
YULONDA,0
YUXIU,0
YVETTE,0
YVONNE,0
ZABRINA,0
ZACCHAEUS,1
ZACH,1
ZACHARIAH,1
ZACHARY,1
ZACHERY,1
ZACHREY,1
ZACK,1
ZACKARY,1
ZACKERY,1
ZAFIRO,1
ZAJAHNEE,0
ZAKARY,1
ZAKIYYAH,0
ZAMONDRIA,0
ZANDRA,0
ZANE,0
ZANE,1
ZANILLA,0
ZANIYA,0
ZAQIRA,0
ZAREK,0
ZAYNAB,0
ZELLIE,0
ZELMA,0
ZEMEKA,0
ZEOLA,0
ZEPHANIAH,1
ZERITA,0
ZHENGXIAN,1
ZHENGYANG,1
ZHIJUN,0
ZHIQIONG,0
ZILLAH,0
ZIMMERY,1
ZINDA,0
ZOE,0
ZOEANNA,0
ZOEANNE,0
ZOFIA,0
ZOIE,0
ZOLZAYA,0
ZSANICA,0
ZUAKERNAH,0
ZUZANA,0
ZY,0
ZYKARAH,0
